numid,full name,old scientific,genus,species,common,id notes,checked by,,,,,,,,,,,,,,,,,,1,Ziziphus mistol,Ziziphus mistol,Ziziphus,mistol,NA,,AK,,,,,,,,,,,,,,,,,,1,Celtis pallida,Celtis pallida,Celtis,pallida,NA,,AK,,,,,,,,,,,,,,,,,,2,Ziziphus mistol,Ziziphus mistol,Ziziphus,mistol,NA,,AK,,,,,,,,,,,,,,,,,,2,Acacia aroma,Acacia aroma,Acacia,aroma,NA,,AK,,,,,,,,,,,,,,,,,,2,Celtis tala,Celtis tala,Celtis,tala,NA,,AK,,,,,,,,,,,,,,,,,,2,Syagrus romanzoffiana,Syagrus romanzoffiana,Syagrus,romanzoffiana,NA,,AK,,,,,,,,,,,,,,,,,,3,Geoffroea decorticans,Geoffroea decorticans,Geoffroea,decorticans,NA,,AK,,,,,,,,,,,,,,,,,,3,Ziziphus mistol,Ziziphus mistol,Ziziphus,mistol,NA,,AK,,,,,,,,,,,,,,,,,,3,Prosopis nigra,Prosopis nigra,Prosopis,nigra,NA,,AK,,,,,,,,,,,,,,,,,,3,Prosopis alba,Prosopis alba,Prosopis,alba,NA,,AK,,,,,,,,,,,,,,,,,,3,Celtis erherbergiana,Celtis erherbergiana,Celtis,erherbergiana,NA,,AK,,,,,,,,,,,,,,,,,,3,Condalia microphylla,Condalia microphylla,Condalia,microphylla,NA,,AK,,,,,,,,,,,,,,,,,,4,Acacia aroma,Acacia aroma,Acacia,aroma,NA,,AK,,,,,,,,,,,,,,,,,,4,Acacia atramentaria,Acacia atramentaria,Acacia,atramentaria,NA,,AK,,,,,,,,,,,,,,,,,,4,Acacia caven,Acacia caven,Acacia,caven,NA,,AK,,,,,,,,,,,,,,,,,,5,American Persimmon (Diospyros virginiana),Diospyros virginiana,Diospyros,virginiana,American Persimmon,,AK,,,,,,,,,,,,,,,,,,5,Osage Orange (Maclura pomifera),Maclura pomifera,Maclura,pomifera,Osage Orange,,AK,,,,,,,,,,,,,,,,,,5,Paw Pawå (Asimina triloba),Asimina triloba,Asimina,triloba,Paw Paw,,AK,,,,,,,,,,,,,,,,,,6,Calvaria major,Calvaria major,Calvaria,major,NA,,AK,,,,,,,,,,,,,,,,,,7,Anacardium microsepalum,Anacardium microsepalum,Anacardium,microsepalum,NA,,AK,,,,,,,,,,,,,,,,,,7,Annona hypoglauca,Annona hypoglauca,Annona,hypoglauca,NA,,AK,,,,,,,,,,,,,,,,,,7,Astrocaryum jauary,Astrocaryum jauary,Astrocaryum,jauary,NA,,AK,,,,,,,,,,,,,,,,,,7,Byrsonima amazonica,Byrsonima amazonica,Byrsonima,amazonica,NA,,AK,,,,,,,,,,,,,,,,,,7,Byrsonima sp.,Byrsonima sp.,Byrsonima,sp.,NA,removed period after genus,AK,,,,,,,,,,,,,,,,,,7,Carapa guinensis,Carapa guinensis,Carapa,guinensis,NA,,AK,,,,,,,,,,,,,,,,,,7,Cecropia membranacea,Cecropia membranacea,Cecropia,membranacea,NA,,AK,,,,,,,,,,,,,,,,,,7,Duguetia marcgraviana,Duguetia marcgraviana,Duguetia,marcgraviana,NA,,AK,,,,,,,,,,,,,,,,,,7,Ficus sp.,Ficus sp.,Ficus,sp.,NA,removed period after genus,AK,,,,,,,,,,,,,,,,,,7,Genipa americana,Genipa americana,Genipa,americana,NA,,AK,,,,,,,,,,,,,,,,,,7,Hevea brasiliensis,Hevea brasiliensis,Hevea,brasiliensis,NA,,AK,,,,,,,,,,,,,,,,,,7,Hevea spruceana,Hevea spruceana,Hevea,spruceana,NA,,AK,,,,,,,,,,,,,,,,,,7,Licania apetala,Licania apetala,Licania,apetala,NA,,AK,,,,,,,,,,,,,,,,,,7,Licania sp.,Licania sp.,Licania.,sp.,NA,,AK,,,,,,,,,,,,,,,,,,7,Lucuma dissepala,Lucuma dissepala,Lucuma,dissepala,NA,,AK,,,,,,,,,,,,,,,,,,7,Mabea nitida,Mabea nitida,Mabea,nitida,NA,,AK,,,,,,,,,,,,,,,,,,7,Nectandra amazonum,Nectandra amazonum,Nectandra,amazonum,NA,,AK,,,,,,,,,,,,,,,,,,7,Neolabatia cuprea,Neolabatia cuprea,Neolabatia,cuprea,NA,,AK,,,,,,,,,,,,,,,,,,7,Piranhea trifoliolata,Piranhea trifoliolata,Piranhea,trifoliolata,NA,,AK,,,,,,,,,,,,,,,,,,7,Protium sp.,Protium sp.,Protium,sp.,NA,removed period after genus,AK,,,,,,,,,,,,,,,,,,7,Randia armata,Randia armata,Randia,armata,NA,,AK,,,,,,,,,,,,,,,,,,7,Simaba guianensis,Simaba guianensis,Simaba,guianensis,NA,,AK,,,,,,,,,,,,,,,,,,7,Sorocea duckei,Sorocea duckei,Sorocea,duckei,NA,,AK,,,,,,,,,,,,,,,,,,7,Symeria paniculata,Symeria paniculata,Symeria,paniculata,NA,,AK,,,,,,,,,,,,,,,,,,7,Tabebuia barbata,Tabebuia barbata,Tabebuia,barbata,NA,,AK,,,,,,,,,,,,,,,,,,7,Unonopsis matthewsii,Unonopsis matthewsii,Unonopsis,matthewsii,NA,,AK,,,,,,,,,,,,,,,,,,7,Virola surinamensis,Virola surinamensis,Virola,surinamensis,NA,,AK,,,,,,,,,,,,,,,,,,7,Elaeocarpaceae,Elaeocarpaceae,Elaeocarpaceae,Elaeocarpaceae,NA,only identified by family in paper,AK,,,,,,,,,,,,,,,,,,7,Cucurbitaceae,Cucurbitaceae,Cucurbitaceae,Cucurbitaceae,NA,only identified by family in paper,AK,,,,,,,,,,,,,,,,,,7,Lecythidaceae,Lecythidaceae,Lecythidaceae,Lecythidaceae,NA,only identified by family in paper,AK,,,,,,,,,,,,,,,,,,8,Cow parsnips (Heracleum lanatum),Heracleum lanatum,Heracleum,lanatum,Cow parsnips,,AK,,,,,,,,,,,,,,,,,,9,Securinega virosa,Securinega virosa,Securinega,virosa,NA,,AK,,,,,,,,,,,,,,,,,,9,Azadirachta indica,Azadirachta indica,Azadirachta,indica,NA,,AK,,,,,,,,,,,,,,,,,,9,Nauclea latifolia,Nauclea latifolia,Nauclea,latifolia,NA,,AK,,,,,,,,,,,,,,,,,,9,Diospyros mespiliformis,Diospyros mespiliformis,Diospyros,mespiliformis,NA,,AK,,,,,,,,,,,,,,,,,,10,Acacia cyclops,Acacia cyclops,Acacia,cyclops,NA,,AK,,,,,,,,,,,,,,,,,,11,Nitre bush (Nitraria billardier),Nitraria billardier,Nitraria,billardier,Nitre bush,,AK,,,,,,,,,,,,,,,,,,12,Rhagodia parabolica,Rhagodia parabolica,Rhagodia,parabolica,NA,,AK,,,,,,,,,,,,,,,,,,13,Arnyerna preissii,Arnyerna preissii,Arnyerna,preissii,NA,,AK,,,,,,,,,,,,,,,,,,13,Lysiana exocarp,Lysiana exocarp,Lysiana,exocarp,NA,,AK,,,,,,,,,,,,,,,,,,14,Amyema quandang,Amyema quandang,Amyema,quandang,NA,,AK,,,,,,,,,,,,,,,,,,15,Schinus terebinthifolius,Schinus terebinthifolius,Schinus,terebinthifolius,NA,,AK,,,,,,,,,,,,,,,,,,16,Amelanchierå arborea,Amelanchierå arborea,Amelanchier ,arborea,NA,split genus and species ,AK,,,,,,,,,,,,,,,,,,17,Ryparosa sp.,Ryparosa sp.,Ryparosa,sp.,NA,removed period after genus,AK,,,,,,,,,,,,,,,,,,18,Murraya (Murraya paniculata),Murraya paniculata,Murraya,paniculata,Murraya,,AK,,,,,,,,,,,,,,,,,,19,Panda oleosa,Panda oleosa,Panda,oleosa,NA,,AK,,,,,,,,,,,,,,,,,,19,Balanites wilsoniana,Balanites wilsoniana,Balanites,wilsoniana,NA,,AK,,,,,,,,,,,,,,,,,,19,Strychnos aculeata,Strychnos aculeata,Strychnos,aculeata,NA,,AK,,,,,,,,,,,,,,,,,,19,and Parinari excels,and Parinari excels,Parinari,excels,NA,split genus and species and removed and,AK,,,,,,,,,,,,,,,,,,20,Spergula arvensis,Spergula arvensis,Spergula,arvensis,NA,,AK,,,,,,,,,,,,,,,,,,20,Hypochaeris glabra,Hypochaeris glabra,Hypochaeris,glabra,NA,,AK,,,,,,,,,,,,,,,,,,20,Ornithopus sativus,Ornithopus sativus,Ornithopus,sativus,NA,,AK,,,,,,,,,,,,,,,,,,20,Rumex bucephalophorus,Rumex bucephalophorus,Rumex,bucephalophorus,NA,,AK,,,,,,,,,,,,,,,,,,20,Briza maxima,Briza maxima,Briza,maxima,NA,,AK,,,,,,,,,,,,,,,,,,21,pond apple (Annona glabra),Annona glabra,Annona,glabra,pond apple,,AK,,,,,,,,,,,,,,,,,,22,Aceratium doggrellii,Aceratium doggrellii,Aceratium,doggrellii,NA,,AK,,,,,,,,,,,,,,,,,,22,Acmena divaricata,Acmena divaricata,Acmena,divaricata,NA,,AK,,,,,,,,,,,,,,,,,,22,Apodytes brachystylis,Apodytes brachystylis,Apodytes,brachystylis,NA,,AK,,,,,,,,,,,,,,,,,,22,Beilshmiedia oligandra,Beilshmiedia oligandra,Beilshmiedia,oligandra,NA,,AK,,,,,,,,,,,,,,,,,,22,Calophyllum costatum,Calophyllum costatum,Calophyllum,costatum,NA,,AK,,,,,,,,,,,,,,,,,,22,Castanospora alphandii,Castanospora alphandii,Castanospora,alphandii,NA,,AK,,,,,,,,,,,,,,,,,,22,Cryptocarya oblata,Cryptocarya oblata,Cryptocarya,oblata,NA,,AK,,,,,,,,,,,,,,,,,,22,Cryptocarya pleurosperma,Cryptocarya pleurosperma,Cryptocarya,pleurosperma,NA,,AK,,,,,,,,,,,,,,,,,,22,Davidsonia pruriens,Davidsonia pruriens,Davidsonia,pruriens,NA,,AK,,,,,,,,,,,,,,,,,,22,Elaeocarpus grandis,Elaeocarpus grandis,Elaeocarpus,grandis,NA,,AK,,,,,,,,,,,,,,,,,,22,Elaeocarpus largiflorens,Elaeocarpus largiflorens,Elaeocarpus,largiflorens,NA,,AK,,,,,,,,,,,,,,,,,,22,Endiandra impressicosta,Endiandra impressicosta,Endiandra,impressicosta,NA,,AK,,,,,,,,,,,,,,,,,,22,Endiandra longipedicellata,Endiandra longipedicellata,Endiandra,longipedicellata,NA,,AK,,,,,,,,,,,,,,,,,,22,Ficus crassipes,Ficus crassipes,Ficus,crassipes,NA,,AK,,,,,,,,,,,,,,,,,,22,Normanbya normanbyi,Normanbya normanbyi,Normanbya,normanbyi,NA,,AK,,,,,,,,,,,,,,,,,,22,Peripentadenia mearsii,Peripentadenia mearsii,Peripentadenia,mearsii,NA,,AK,,,,,,,,,,,,,,,,,,22,Prunus turneriana,Prunus turneriana,Prunus,turneriana,NA,,AK,,,,,,,,,,,,,,,,,,23,Capsicum annuum,Capsicum annuum,Capsicum,annuum,NA,,AK,,,,,,,,,,,,,,,,,,23,Capsicum chacoense,Capsicum chacoense,Capsicum,chacoense,NA,,AK,,,,,,,,,,,,,,,,,,24,Crataegus monogyna,Crataegus monogyna,Crataegus,monogyna,NA,,AK,,,,,,,,,,,,,,,,,,25,tomatoes,tomatoes,Solanum,lycopersicum,NA,added scientific name for genus & spp,HSR,,,,,,,,,,,,,,,,,,26,Myrica faya,Myrica faya,Myrica,faya,NA,,AK,,,,,,,,,,,,,,,,,,27,Ficus luschnathiana Miquel,Ficus luschnathiana Miquel,Ficus,luschnathiana ,NA,removed taxonomist name,AK,,,,,,,,,,,,,,,,,,28,Miconia prasina,Miconia prasina,Miconia,prasina,NA,,AK,,,,,,,,,,,,,,,,,,29,Annona salzmannii,Annona salzmannii,Annona,salzmannii,NA,,AK,,,,,,,,,,,,,,,,,,29,Aechmea spp.,Aechmea spp.,Aechmea.,sp.,NA,changed spp. to sp.,AK,,,,,,,,,,,,,,,,,,29,Vismia latifolia,Vismia latifolia,Vismia,latifolia,NA,,AK,,,,,,,,,,,,,,,,,,29,Cheiloclinium cognatum,Cheiloclinium cognatum,Cheiloclinium,cognatum,NA,,AK,,,,,,,,,,,,,,,,,,29,Henriettea succosa,Henriettea succosa,Henriettea,succosa,NA,,AK,,,,,,,,,,,,,,,,,,29,Miconia mirabilis,Miconia mirabilis,Miconia,mirabilis,NA,,AK,,,,,,,,,,,,,,,,,,29,Miconia hypoleuca,Miconia hypoleuca,Miconia,hypoleuca,NA,,AK,,,,,,,,,,,,,,,,,,29,Anomospermum reticulatum,Anomospermum reticulatum,Anomospermum,reticulatum,NA,,AK,,,,,,,,,,,,,,,,,,29,Inga thibaudiana,Inga thibaudiana,Inga,thibaudiana,NA,,AK,,,,,,,,,,,,,,,,,,29,Helicostylis tomentosa,Helicostylis tomentosa,Helicostylis,tomentosa,NA,,AK,,,,,,,,,,,,,,,,,,29,Ficus gomelleira,Ficus gomelleira,Ficus,gomelleira,NA,,AK,,,,,,,,,,,,,,,,,,29,Pourouma mollis,Pourouma mollis,Pourouma,mollis,NA,,AK,,,,,,,,,,,,,,,,,,29,Pourouma velutina,Pourouma velutina,Pourouma,velutina,NA,,AK,,,,,,,,,,,,,,,,,,29,Psidium guajava,Psidium guajava,Psidium,guajava,NA,,AK,,,,,,,,,,,,,,,,,,29,Eugenia rostrata,Eugenia rostrata,Eugenia,rostrata,NA,,AK,,,,,,,,,,,,,,,,,,29,Myrcia fallax,Myrcia fallax,Myrcia,fallax,NA,,AK,,,,,,,,,,,,,,,,,,29,Neomitranthes obscura Campomanesia dichotoma,Neomitranthes obscura Campomanesia dichotoma,Neomitranthes,obscura,NA,"removed Campomanesia dichotoma from species name, added as new row",AK,,,,,,,,,,,,,,,,,,29,Campomanesia dichotoma,Campomanesia dichotoma,Campomanesia,dichotoma,NA,added new row bc lumped with Neomitranthes. ,AK,,,,,,,,,,,,,,,,,,29,Marlierea verticillaria,Marlierea verticillaria,Marlierea,verticillaria,NA,,AK,,,,,,,,,,,,,,,,,,29,Myrcia gigantea,Myrcia gigantea,Myrcia,gigantea,NA,,AK,,,,,,,,,,,,,,,,,,29,Passiflora sp.,Passiflora sp.,Passiflora.,sp.,NA,,AK,,,,,,,,,,,,,,,,,,29,Simira viridiflora,Simira viridiflora,Simira,viridiflora,NA,,AK,,,,,,,,,,,,,,,,,,29,Chrysophyllum splendens,Chrysophyllum splendens,Chrysophyllum,splendens,NA,,AK,,,,,,,,,,,,,,,,,,29,Cissus sp.,Cissus sp.,Cissus.,sp.,NA,,AK,,,,,,,,,,,,,,,,,,30,Brazilian Pepper (Schinus terebinthifolius),Schinus terebinthifolius,Schinus,terebinthifolius,Brazilian Pepper,,AK,,,,,,,,,,,,,,,,,,31,Mangifera indica,Mangifera indica,Mangifera,indica,NA,,AK,,,,,,,,,,,,,,,,,,31,Spondias spp.,Spondias spp.,Spondias.,sp.,NA,changed spp. to sp. ,AK,,,,,,,,,,,,,,,,,,31,Rauvolfia sp.,Rauvolfia sp.,Rauvolfia.,sp.,NA,,AK,,,,,,,,,,,,,,,,,,31,Schefflera morotonii,Schefflera morotonii,Schefflera,morotonii,NA,,AK,,,,,,,,,,,,,,,,,,31,Attalea oleifera,Attalea oleifera,Attalea,oleifera,NA,,AK,,,,,,,,,,,,,,,,,,31,Euterpe oleraceae,Euterpe oleraceae,Euterpe,oleraceae,NA,,AK,,,,,,,,,,,,,,,,,,31,Mauritia flexuosa,Mauritia flexuosa,Mauritia,flexuosa,NA,,AK,,,,,,,,,,,,,,,,,,31,Licania tomentosa,Licania tomentosa,Licania,tomentosa,NA,,AK,,,,,,,,,,,,,,,,,,31,Margaritaria nobilis,Margaritaria nobilis,Margaritaria,nobilis,NA,,AK,,,,,,,,,,,,,,,,,,31,Clitoria fairchildiana,Clitoria fairchildiana,Clitoria,fairchildiana,NA,,AK,,,,,,,,,,,,,,,,,,31,Inga spp.,Inga spp.,Inga.,sp.,NA,changed spp. to sp.,AK,,,,,,,,,,,,,,,,,,31,Tamarindus indica,Tamarindus indica,Tamarindus,indica,NA,,AK,,,,,,,,,,,,,,,,,,31,Byrsonima spicata,Byrsonima spicata,Byrsonima,spicata,NA,,AK,,,,,,,,,,,,,,,,,,31,Artocarpus heterophyllus,Artocarpus heterophyllus,Artocarpus,heterophyllus,NA,,AK,,,,,,,,,,,,,,,,,,31,Brosimum guinaense,Brosimum guinaense,Brosimum,guinaense,NA,,AK,,,,,,,,,,,,,,,,,,31,Psidium cattleianum,Psidium cattleianum,Psidium,cattleianum,NA,,AK,,,,,,,,,,,,,,,,,,31,Psidium guajava,Psidium guajava,Psidium,guajava,NA,,AK,,,,,,,,,,,,,,,,,,31,Solanum paniculatum,Solanum paniculatum,Solanum,paniculatum,NA,,AK,,,,,,,,,,,,,,,,,,31,Solanum stramonifolium,Solanum stramonifolium,Solanum,stramonifolium,NA,,AK,,,,,,,,,,,,,,,,,,32,Piper aduncum,Piper aduncum,Piper,aduncum,NA,,AK,,,,,,,,,,,,,,,,,,32,Piper hispidinervum,Piper hispidinervum,Piper,hispidinervum,NA,,AK,,,,,,,,,,,,,,,,,,32,Solanum granuloso-leprosum,Solanum granuloso-leprosum,Solanum,granuloso-leprosum,NA,"removed ""-leprosum"" from genus",AK,,,,,,,,,,,,,,,,,,33,Ficus enormis,Ficus enormis,Ficus,enormis,NA,,AK,,,,,,,,,,,,,,,,,,34,Syzygium oblatum,Syzygium oblatum,Syzygium,oblatum,NA,,AK,,,,,,,,,,,,,,,,,,35,Tristerix aphyllus,Tristerix aphyllus,Tristerix,aphyllus,NA,,AK,,,,,,,,,,,,,,,,,,36,Ficus racemosa,Ficus racemosa,Ficus,racemosa,NA,,AK,,,,,,,,,,,,,,,,,,36,Ficus hispida,Ficus hispida,Ficus,hispida,NA,,AK,,,,,,,,,,,,,,,,,,37,Rubia fruticosa,Rubia fruticosa,Rubia,fruticosa,NA,,AK,,,,,,,,,,,,,,,,,,37,Neochamaelea pulverulenta,Neochamaelea pulverulenta,Neochamaelea,pulverulenta,NA,,AK,,,,,,,,,,,,,,,,,,37,Withania aristata,Withania aristata,Withania,aristata,NA,,AK,,,,,,,,,,,,,,,,,,37,Lycium intricatum,Lycium intricatum,Lycium,intricatum,NA,,AK,,,,,,,,,,,,,,,,,,37,Atriplex semibaccata,Atriplex semibaccata,Atriplex,semibaccata,NA,,AK,,,,,,,,,,,,,,,,,,37,Opuntia dillenii,Opuntia dillenii,Opuntia.,dillenii,NA,removed Scilla haemorrhoidali from name and made another row,AK,,,,,,,,,,,,,,,,,,37,Scilla haemorrhoidali,Scilla haemorrhoidali,Scilla,haemorrhoidali,NA,new row added because Scilla haemorrhoidali was lumped withOpuntia dillenii,AK,,,,,,,,,,,,,,,,,,38,Uvariopsis congensis,Uvariopsis congensis,Uvariopsis,congensis,NA,,AK,,,,,,,,,,,,,,,,,,38,Mimusops bagshawei,Mimusops bagshawei,Mimusops,bagshawei,NA,,AK,,,,,,,,,,,,,,,,,,38,Ficus spp.,Ficus spp.,Ficus,sp.,NA,Changed spp. to sp. and removed period from genus,AK,,,,,,,,,,,,,,,,,,38,Cordia abyssinica,Cordia abyssinica,Cordia,abyssinica,NA,,AK,,,,,,,,,,,,,,,,,,38,Aframomum spp.,Aframomum spp.,Aframomum,sp.,NA,Removed period from genus and changed spp. to sp.,AK,,,,,,,,,,,,,,,,,,38,Monodora myristica,Monodora myristica,Monodora,myristica,NA,,AK,,,,,,,,,,,,,,,,,,38,Warburgia stuhlmanni,Warburgia stuhlmanni,Warburgia,stuhlmanni,NA,,AK,,,,,,,,,,,,,,,,,,38,Pseudospondias microcar,Pseudospondias microcar,Pseudospondias,microcar,NA,,AK,,,,,,,,,,,,,,,,,,38,Tabernaemontana spp.,Tabernaemontana spp.,Tabernaemontana.,sp.,NA,Changed spp. to sp.,AK,,,,,,,,,,,,,,,,,,38,Chgysophyllum spp.,Chgysophyllum spp.,Chgysophyllum.,sp.,NA,Changed spp. to sp.,AK,,,,,,,,,,,,,,,,,,38,Phytolacca dodecandra,Phytolacca dodecandra,Phytolacca,dodecandra,NA,,AK,,,,,,,,,,,,,,,,,,39,Morus macroura,Morus macroura,Morus,macroura,NA,,AK,,,,,,,,,,,,,,,,,,40,Eurya japonica,Eurya japonica,Eurya,japonica,NA,,AK,,,,,,,,,,,,,,,,,,40,Parthenocissus tricuspidata,Parthenocissus tricuspidata,Parthenocissus,tricuspidata,NA,,AK,,,,,,,,,,,,,,,,,,40,Lonicera japonica,Lonicera japonica,Lonicera,japonica,NA,,AK,,,,,,,,,,,,,,,,,,40,Paederia scandens,Paederia scandens,Paederia,scandens,NA,,AK,,,,,,,,,,,,,,,,,,40,Cornus florida,Cornus florida,Cornus,florida,NA,,AK,,,,,,,,,,,,,,,,,,40,Ilex serrata,Ilex serrata,Ilex,serrata,NA,,AK,,,,,,,,,,,,,,,,,,40,Pyracantha coccinea,Pyracantha coccinea,Pyracantha,coccinea,NA,,AK,,,,,,,,,,,,,,,,,,40,Viburnum dilatatum,Viburnum dilatatum,Viburnum,dilatatum,NA,,AK,,,,,,,,,,,,,,,,,,40,Phytolacca americana,Phytolacca americana,Phytolacca,americana,NA,,AK,,,,,,,,,,,,,,,,,,40,Morus bombycis,Morus bombycis,Morus,bombycis,NA,,AK,,,,,,,,,,,,,,,,,,40,Aphniphyllum macropodum,Aphniphyllum macropodum,Aphniphyllum,macropodum,NA,,AK,,,,,,,,,,,,,,,,,,40,Ilex crenata,Ilex crenata,Ilex,crenata,NA,,AK,,,,,,,,,,,,,,,,,,40,Ligustrum obtusifolium,Ligustrum obtusifolium,Ligustrum,obtusifolium,NA,,AK,,,,,,,,,,,,,,,,,,40,Ophiopogon japonicus,Ophiopogon japonicus,Ophiopogon,japonicus,NA,,AK,,,,,,,,,,,,,,,,,,40,Pourthiaea villosa,Pourthiaea villosa,Pourthiaea,villosa,NA,,AK,,,,,,,,,,,,,,,,,,40,Celastrus orbiculatus,Celastrus orbiculatus,Celastrus,orbiculatus,NA,,AK,,,,,,,,,,,,,,,,,,40,Idesia polydarpa,Idesia polydarpa,Idesia,polydarpa,NA,,AK,,,,,,,,,,,,,,,,,,40,Fatsia japonica,Fatsia japonica,Fatsia,japonica,NA,,AK,,,,,,,,,,,,,,,,,,40,Aucuba japonica,Aucuba japonica,Aucuba,japonica,NA,,AK,,,,,,,,,,,,,,,,,,40,Callicarpa dichtoma,Callicarpa dichtoma,Callicarpa,dichtoma,NA,,AK,,,,,,,,,,,,,,,,,,41,Aridisia sievoldii,Aridisia sievoldii,Aridisia,sievoldii,NA,,AK,,,,,,,,,,,,,,,,,,41,Ardisia squamulosa,Ardisia squamulosa,Ardisia,squamulosa,NA,,AK,,,,,,,,,,,,,,,,,,41,Bischofia javanica,Bischofia javanica,Bischofia,javanica,NA,,AK,,,,,,,,,,,,,,,,,,41,Champereia manillana,Champereia manillana,Champereia,manillana,NA,,AK,,,,,,,,,,,,,,,,,,41,Diospyros ferrea,Diospyros ferrea,Diospyros,ferrea,NA,,AK,,,,,,,,,,,,,,,,,,41,Ehretia acuminata,Ehretia acuminata,Ehretia,acuminata,NA,,AK,,,,,,,,,,,,,,,,,,41,Leea guineensis,Leea guineensis,Leea,guineensis,NA,,AK,,,,,,,,,,,,,,,,,,41,Mchilus japonica,Mchilus japonica,Mchilus,japonica,NA,,AK,,,,,,,,,,,,,,,,,,41,Myrica adenophora,Myrica adenophora,Myrica,adenophora,NA,,AK,,,,,,,,,,,,,,,,,,41,Ptychosperma angustifolia,Ptychosperma angustifolia,Ptychosperma,angustifolia,NA,,AK,,,,,,,,,,,,,,,,,,41,Trema orientalis,Trema orientalis,Trema,orientalis,NA,,AK,,,,,,,,,,,,,,,,,,41,Viburnum odoratissimum,Viburnum odoratissimum,Viburnum,odoratissimum,NA,,AK,,,,,,,,,,,,,,,,,,41,Ficus ampelas,Ficus ampelas,Ficus,ampelas,NA,,AK,,,,,,,,,,,,,,,,,,41,Ficus benjamina,Ficus benjamina,Ficus,benjamina,NA,,AK,,,,,,,,,,,,,,,,,,41,Ficus caulocarpa,Ficus caulocarpa,Ficus,caulocarpa,NA,,AK,,,,,,,,,,,,,,,,,,41,Ficus irisana,Ficus irisana,Ficus,irisana,NA,,AK,,,,,,,,,,,,,,,,,,41,Ficus microcarpa,Ficus microcarpa,Ficus,microcarpa,NA,,AK,,,,,,,,,,,,,,,,,,41,Ficus superba,Ficus superba,Ficus,superba,NA,,AK,,,,,,,,,,,,,,,,,,41,Ficus virgata,Ficus virgata,Ficus,virgata,NA,,AK,,,,,,,,,,,,,,,,,,42,Cordia lomatoloba,Cordia lomatoloba,Cordia,lomatoloba,NA,,AK,,,,,,,,,,,,,,,,,,42,Cecropia obtusa,Cecropia obtusa,Cecropia,obtusa,NA,,AK,,,,,,,,,,,,,,,,,,42,Goupia glabra,Goupia glabra,Goupia,glabra,NA,,AK,,,,,,,,,,,,,,,,,,42,Licania membranacea,Licania membranacea,Licania,membranacea,NA,,AK,,,,,,,,,,,,,,,,,,42,Ludovia lancifolia,Ludovia lancifolia,Ludovia,lancifolia,NA,,AK,,,,,,,,,,,,,,,,,,42,Drypetes variabilis,Drypetes variabilis,Drypetes,variabilis,NA,,AK,,,,,,,,,,,,,,,,,,42,Mouriri crassifolia,Mouriri crassifolia,Mouriri,crassifolia,NA,,AK,,,,,,,,,,,,,,,,,,42,Bagassa guianensis,Bagassa guianensis,Bagassa,guianensis,NA,,AK,,,,,,,,,,,,,,,,,,42,Ficus insipida,Ficus insipida,Ficus,insipida,NA,,AK,,,,,,,,,,,,,,,,,,42,Virola michelii,Virola michelii,Virola,michelii,NA,,AK,,,,,,,,,,,,,,,,,,42,Minquarta guinanensis,Minquarta guinanensis,Minquarta,guinanensis,NA,,AK,,,,,,,,,,,,,,,,,,42,Moutabea guianensis,Moutabea guianensis,Moutabea,guianensis,NA,,AK,,,,,,,,,,,,,,,,,,42,Quiina obovata,Quiina obovata,Quiina,obovata,NA,,AK,,,,,,,,,,,,,,,,,,42,Psychotria carthaginensis,Psychotria carthaginensis,Psychotria,carthaginensis,NA,,AK,,,,,,,,,,,,,,,,,,42,Chrysophyllum lucentifolium,Chrysophyllum lucentifolium,Chrysophyllum,lucentifolium,NA,,AK,,,,,,,,,,,,,,,,,,42,Chrysophyllum prieurii,Chrysophyllum prieurii,Chrysophyllum,prieurii,NA,,AK,,,,,,,,,,,,,,,,,,42,Solanum sp.,Solanum sp.,Solanum,sp.,NA,removed period from genus,AK,,,,,,,,,,,,,,,,,,43,Dieffenbachia longispatha,Dieffenbachia longispatha,Dieffenbachia,longispatha,NA,,AK,,,,,,,,,,,,,,,,,,43,Ipomoea trifida,Ipomoea trifida,Ipomoea,trifida,NA,,AK,,,,,,,,,,,,,,,,,,43,Ficus glabratand,Ficus glabratand,Ficus,glabratand,NA,,AK,,,,,,,,,,,,,,,,,,43,Cecropia,Cecropia,Cecropia,Cecropia,NA,,AK,,,,,,,,,,,,,,,,,,43,Solanum ochraceoferrugineum,Solanum ochraceoferrugineum,Solanum,ochraceoferrugineum,NA,,AK,,,,,,,,,,,,,,,,,,43,Passiflora foetida,Passiflora foetida,Passiflora,foetida,NA,,AK,,,,,,,,,,,,,,,,,,43,Artocarpus altilis,Artocarpus altilis,Artocarpus,altilis,NA,,AK,,,,,,,,,,,,,,,,,,43,Spondias mombin,Spondias mombin,Spondias,mombin,NA,,AK,,,,,,,,,,,,,,,,,,43,Ceiba pentandra,Ceiba pentandra,Ceiba,pentandra,NA,,AK,,,,,,,,,,,,,,,,,,43,Miconia sp.,Miconia sp.,Miconia.,sp.,NA,,AK,,,,,,,,,,,,,,,,,,43,Eichhornia crassipe,Eichhornia crassipe,Eichhornia,crassipe,NA,,AK,,,,,,,,,,,,,,,,,,44,Plocama pendula,Plocama pendula,Plocama,pendula,NA,,AK,,,,,,,,,,,,,,,,,,45,Ziziphus cinnamomum,Ziziphus cinnamomum,Ziziphus,cinnamomum,NA,,AK,,,,,,,,,,,,,,,,,,46,Alepis flavida,Alepis flavida,Alepis,flavida,NA,,AK,,,,,,,,,,,,,,,,,,46,Peraxilla colensoi,Peraxilla colensoi,Peraxilla,colensoi,NA,,AK,,,,,,,,,,,,,,,,,,46,Peraxilla tetrapetala,Peraxilla tetrapetala,Peraxilla,tetrapetala,NA,,AK,,,,,,,,,,,,,,,,,,46,Ileostylus micranthus,Ileostylus micranthus,Ileostylus,micranthus,NA,,AK,,,,,,,,,,,,,,,,,,46,Tupeia antarctica,Tupeia antarctica,Tupeia,antarctica,NA,,AK,,,,,,,,,,,,,,,,,,47,Nertera granadensis,Nertera granadensis,Nertera,granadensis,NA,,AK,,,,,,,,,,,,,,,,,,48,Miconia cinnamomifolia,Miconia cinnamomifolia,Miconia,cinnamomifolia,NA,,AK,,,,,,,,,,,,,,,,,,49,Ficus glabrata,Ficus glabrata,Ficus,glabrata,NA,,AK,,,,,,,,,,,,,,,,,,50,Retama reatam,Retama reatam,Retama,reatam,NA,,AK,,,,,,,,,,,,,,,,,,51,Opuntia rastrera,Opuntia rastrera,Opuntia,rastrera,NA,,AK,,,,,,,,,,,,,,,,,,52,Stemmadenia donnell-smithii,Stemmadenia donnell-smithii,Stemmadenia,donnell-smithii,NA,removed smithii from genus,AK,,,,,,,,,,,,,,,,,,53,Enterolobium cyclocarpum,Enterolobium cyclocarpum,Enterolobium,cyclocarpum,NA,,AK,,,,,,,,,,,,,,,,,,54,Enterolobium cyclocarpum,Enterolobium cyclocarpum,Enterolobium,cyclocarpum,NA,,AK,,,,,,,,,,,,,,,,,,55,Witheringia solanacea,Witheringia solanacea,Witheringia,solanacea,NA,,AK,,,,,,,,,,,,,,,,,,56,Witheringia solanacea,Witheringia solanacea,Witheringia,solanacea,NA,,AK,,,,,,,,,,,,,,,,,,57,Protorhus sp.,Protorhus sp.,Protorhus,sp.,NA,removed period from genus,AK,,,,,,,,,,,,,,,,,,57,Chrysophyllum madagascariensis,Chrysophyllum madagascariensis,Chrysophyllum,madagascariensis,NA,,AK,,,,,,,,,,,,,,,,,,57,Harungana madagascariensis,Harungana madagascariensis,Harungana,madagascariensis,NA,,AK,,,,,,,,,,,,,,,,,,57,Cissus sp.,Cissus sp.,Cissus,sp.,NA,removed period from genus,AK,,,,,,,,,,,,,,,,,,57,Eugenia sp.,Eugenia sp.,Eugenia,sp.,NA,removed period from genus,AK,,,,,,,,,,,,,,,,,,58,Piper colonense,Piper colonense,Piper,colonense,NA,,AK,,,,,,,,,,,,,,,,,,58,Piper peltatum,Piper peltatum,Piper,peltatum,NA,,AK,,,,,,,,,,,,,,,,,,58,Piper reticulatum,Piper reticulatum,Piper,reticulatum,NA,,AK,,,,,,,,,,,,,,,,,,58,Piper sancti-felicis,Piper sancti-felicis,Piper,sancti-felicis,NA,removed felicis from genus,AK,,,,,,,,,,,,,,,,,,58,Piper silvivagum,Piper silvivagum,Piper,silvivagum,NA,,AK,,,,,,,,,,,,,,,,,,59,Carpobrotus edulis,Carpobrotus edulis,Carpobrotus,edulis,NA,,AK,,,,,,,,,,,,,,,,,,59,Carpobroutschilensis,Carpobroutschilensis,Carpobrotus ,chilensis,NA,split genus and species names,AK,,,,,,,,,,,,,,,,,,60,Cleistopholis glauca,Cleistopholis glauca,Cleistopholis,glauca,NA,,AK,,,,,,,,,,,,,,,,,,60,Cleitsopholis patens,Cleitsopholis patens,Cleitsopholis,patens,NA,,AK,,,,,,,,,,,,,,,,,,60,Cleistoholis sp.,Cleistoholis sp.,Cleistoholis,sp.,NA,removed period from genus,AK,,,,,,,,,,,,,,,,,,60,Polyalthia suaveolens,Polyalthia suaveolens,Polyalthia,suaveolens,NA,,AK,,,,,,,,,,,,,,,,,,60,Xylopia rubescens,Xylopia rubescens,Xylopia,rubescens,NA,,AK,,,,,,,,,,,,,,,,,,60,Rauwolfia macrocarpa,Rauwolfia macrocarpa,Rauwolfia,macrocarpa,NA,,AK,,,,,,,,,,,,,,,,,,60,Eremosphatha macrocarpa,Eremosphatha macrocarpa,Eremosphatha,macrocarpa,NA,,AK,,,,,,,,,,,,,,,,,,60,Lacosperma secundiflorum,Lacosperma secundiflorum,Lacosperma,secundiflorum,NA,,AK,,,,,,,,,,,,,,,,,,60,Canarium schweinfurthii,Canarium schweinfurthii,Canarium,schweinfurthii,NA,,AK,,,,,,,,,,,,,,,,,,60,Dacryodes edulis,Dacryodes edulis,Dacryodes,edulis,NA,,AK,,,,,,,,,,,,,,,,,,60,Euphorbiaceae sp.,Euphorbiaceae sp.,Euphorbiaceae,sp.,NA,removed period from genus name,AK,,,,,,,,,,,,,,,,,,60,Beilschmiedia sp.,Beilschmiedia sp.,Beilschmiedia,sp.,NA,removed period from genus name,AK,,,,,,,,,,,,,,,,,,60,Trichilia heudelotii,Trichilia heudelotii,Trichilia,heudelotii,NA,,AK,,,,,,,,,,,,,,,,,,60,Pycnanthus angolensis,Pycnanthus angolensis,Pycnanthus,angolensis,NA,,AK,,,,,,,,,,,,,,,,,,60,Staudtia stipitata,Staudtia stipitata,Staudtia,stipitata,NA,,AK,,,,,,,,,,,,,,,,,,60,Heisteria zimmeri,Heisteria zimmeri,Heisteria,zimmeri,NA,,AK,,,,,,,,,,,,,,,,,,60,Maesopsis eminii,Maesopsis eminii,Maesopsis,eminii,NA,,AK,,,,,,,,,,,,,,,,,,61,Lycopersicon esculentum,Lycopersicon esculentum,Lycopersicon,esculentum,NA,,AK,,,,,,,,,,,,,,,,,,62,Acacia raddiana,Acacia raddiana,Acacia,raddiana,NA,,AK,,,,,,,,,,,,,,,,,,62,Acacia tortilis,Acacia tortilis,Acacia,tortilis,NA,,AK,,,,,,,,,,,,,,,,,,62,Acacia gerrardii,Acacia gerrardii,Acacia,gerrardii,NA,,AK,,,,,,,,,,,,,,,,,,63,bilberry (Vaccinium myrtillus),Vaccinium myrtillus,Vaccinium,myrtillus,bilberry,,AK,,,,,,,,,,,,,,,,,,64,Ficus microcarpa,Ficus microcarpa,Ficus,microcarpa,NA,,AK,,,,,,,,,,,,,,,,,,65,Uvaria ovatat,Uvaria ovatat,Uvaria,ovatat,NA,,AK,,,,,,,,,,,,,,,,,,65,Carissa edulis,Carissa edulis,Carissa,edulis,NA,,AK,,,,,,,,,,,,,,,,,,65,Rauvolfia canescens,Rauvolfia canescens,Rauvolfia,canescens,NA,,AK,,,,,,,,,,,,,,,,,,65,Ehretia cymosa,Ehretia cymosa,Ehretia,cymosa,NA,,AK,,,,,,,,,,,,,,,,,,65,Capparis erythrocarpos,Capparis erythrocarpos,Capparis,erythrocarpos,NA,,AK,,,,,,,,,,,,,,,,,,65,Byrsocarpus coccineus,Byrsocarpus coccineus,Byrsocarpus,coccineus,NA,,AK,,,,,,,,,,,,,,,,,,65,Securinega virosa,Securinega virosa,Securinega,virosa,NA,,AK,,,,,,,,,,,,,,,,,,65,Flacourtia flavescens,Flacourtia flavescens,Flacourtia,flavescens,NA,,AK,,,,,,,,,,,,,,,,,,65,Hoslundia opposita,Hoslundia opposita,Hoslundia,opposita,NA,,AK,,,,,,,,,,,,,,,,,,65,Azadirachta indica ,Azadirachta indica,Azadirachta,indica,NA,Nauclea latifolia was cut out and placed in a new row,AK,,,,,,,,,,,,,,,,,,65,Nauclea latifolia,Nauclea latifolia,Nauclea,latifolia,NA,Added Nauclea latifolia to a new row because it was lumped with Azadirachta indica,AK,,,,,,,,,,,,,,,,,,65,Clausena anisata,Clausena anisata,Clausena,anisata,NA,,AK,,,,,,,,,,,,,,,,,,65,Solanum anomalum,Solanum anomalum,Solanum,anomalum,NA,,AK,,,,,,,,,,,,,,,,,,65,Lantana camara,Lantana camara,Lantana,camara,NA,,AK,,,,,,,,,,,,,,,,,,65,Premna quadrifolia,Premna quadrifolia,Premna,quadrifolia,NA,,AK,,,,,,,,,,,,,,,,,,65,Vitex doniana,Vitex doniana,Vitex,doniana,NA,,AK,,,,,,,,,,,,,,,,,,66,Saxifraga cernua,Saxifraga cernua,Saxifraga,cernua,NA,,AK,,,,,,,,,,,,,,,,,,66,Bartsia alpina,Bartsia alpina,Bartsia,alpina,NA,,AK,,,,,,,,,,,,,,,,,,66,Polygonum vivparum,Polygonum vivparum,Polygonum,vivparum,NA,,AK,,,,,,,,,,,,,,,,,,66,Chamaenerion latifolium,Chamaenerion latifolium,Chamaenerion,latifolium,NA,,AK,,,,,,,,,,,,,,,,,,66,Oxyria dignya,Oxyria dignya,Oxyria,dignya,NA,,AK,,,,,,,,,,,,,,,,,,66,Cerastium alpinum,Cerastium alpinum,Cerastium,alpinum,NA,,AK,,,,,,,,,,,,,,,,,,66,Ranunculus hyperboreus,Ranunculus hyperboreus,Ranunculus,hyperboreus,NA,,AK,,,,,,,,,,,,,,,,,,66,Salix glauca,Salix glauca,Salix,glauca,NA,,AK,,,,,,,,,,,,,,,,,,66,Saxifra tricuspidata,Saxifra tricuspidata,Saxifra,tricuspidata,NA,,AK,,,,,,,,,,,,,,,,,,66,Pedicularis hirsuta,Pedicularis hirsuta,Pedicularis,hirsuta,NA,,AK,,,,,,,,,,,,,,,,,,66,Betula nana,Betula nana,Betula,nana,NA,,AK,,,,,,,,,,,,,,,,,,66,Luzula parviflora,Luzula parviflora,Luzula,parviflora,NA,,AK,,,,,,,,,,,,,,,,,,66,Gnaphalium norvegicum,Gnaphalium norvegicum,Gnaphalium,norvegicum,NA,,AK,,,,,,,,,,,,,,,,,,66,Sibbaldia procumbens,Sibbaldia procumbens,Sibbaldia,procumbens,NA,,AK,,,,,,,,,,,,,,,,,,66,Veronica alpina,Veronica alpina,Veronica,alpina,NA,,AK,,,,,,,,,,,,,,,,,,66,Silene acaulis,Silene acaulis,Silene,acaulis,NA,,AK,,,,,,,,,,,,,,,,,,66,Stellaria longipes,Stellaria longipes,Stellaria,longipes,NA,,AK,,,,,,,,,,,,,,,,,,66,Papaver radicatum,Papaver radicatum,Papaver,radicatum,NA,,AK,,,,,,,,,,,,,,,,,,66,Vaccinium uliginosu,Vaccinium uliginosu,Vaccinium,uliginosu,NA,,AK,,,,,,,,,,,,,,,,,,66,Dryas integrifolia,Dryas integrifolia,Dryas,integrifolia,NA,,AK,,,,,,,,,,,,,,,,,,66,Erjophorum scheuchzeri,Erjophorum scheuchzeri,Erjophorum,scheuchzeri,NA,,AK,,,,,,,,,,,,,,,,,,66,Empetrum nigrum,Empetrum nigrum,Empetrum,nigrum,NA,,AK,,,,,,,,,,,,,,,,,,67,Banyan (Ficus bengalensis),Ficus bengalensis,Ficus,bengalensis,Banyan,,AK,,,,,,,,,,,,,,,,,,68,Apeiba aspera,Apeiba aspera,Apeiba,aspera,NA,,AK,,,,,,,,,,,,,,,,,,68,Castilla ulei,Castilla ulei,Castilla,ulei,NA,,AK,,,,,,,,,,,,,,,,,,68,Cecropia membranacea,Cecropia membranacea,Cecropia,membranacea,NA,,AK,,,,,,,,,,,,,,,,,,68,Cecropria sciadophylla,Cecropria sciadophylla,Cecropria,sciadophylla,NA,,AK,,,,,,,,,,,,,,,,,,68,Crepidospermum rhoifolium,Crepidospermum rhoifolium,Crepidospermum,rhoifolium,NA,,AK,,,,,,,,,,,,,,,,,,68,Ficus fomelleria,Ficus fomelleria,Ficus,fomelleria,NA,,AK,,,,,,,,,,,,,,,,,,68,Ficus insipida,Ficus insipida,Ficus,insipida,NA,,AK,,,,,,,,,,,,,,,,,,68,Ficus nymphaeifolia,Ficus nymphaeifolia,Ficus,nymphaeifolia,NA,,AK,,,,,,,,,,,,,,,,,,68,Gustavia hexapetala,Gustavia hexapetala,Gustavia,hexapetala,NA,,AK,,,,,,,,,,,,,,,,,,68,Helicostylis tomentosa,Helicostylis tomentosa,Helicostylis,tomentosa,NA,,AK,,,,,,,,,,,,,,,,,,68,Hyeronima alchorneoides,Hyeronima alchorneoides,Hyeronima,alchorneoides,NA,,AK,,,,,,,,,,,,,,,,,,68,Hymenaea oblongifolia,Hymenaea oblongifolia,Hymenaea,oblongifolia,NA,,AK,,,,,,,,,,,,,,,,,,68,Inga alba,Inga alba,Inga,alba,NA,,AK,,,,,,,,,,,,,,,,,,68,Inga bonplandiana,Inga bonplandiana,Inga,bonplandiana,NA,,AK,,,,,,,,,,,,,,,,,,68,Inga edulis,Inga edulis,Inga,edulis,NA,,AK,,,,,,,,,,,,,,,,,,68,Jacratia digitata,Jacratia digitata,Jacratia,digitata,NA,,AK,,,,,,,,,,,,,,,,,,69,Najas marina L.,Najas marina L.,Najas,marina,NA,removed period from genus and taxonomist from species,AK,,,,,,,,,,,,,,,,,,70,Rubia fruticosa,Rubia fruticosa,Rubia,fruticosa,NA,,AK,,,,,,,,,,,,,,,,,,71,Solanum nigra,Solanum nigra,Solanum,nigra,NA,,AK,,,,,,,,,,,,,,,,,,71,Solanum luteum,Solanum luteum,Solanum,luteum,NA,,AK,,,,,,,,,,,,,,,,,,72,Myrtus communis,Myrtus communis,Myrtus,communis,NA,,AK,,,,,,,,,,,,,,,,,,73,Amelanchier alnifolia,Amelanchier alnifolia,Amelanchier,alnifolia,NA,,AK,,,,,,,,,,,,,,,,,,73,Peraphyllum ramosissimum,Peraphyllum ramosissimum,Peraphyllum,ramosissimum,NA,,AK,,,,,,,,,,,,,,,,,,73,Prunus virginiana,Prunus virginiana,Prunus,virginiana,NA,,AK,,,,,,,,,,,,,,,,,,73,Mahonia repens,Mahonia repens,Mahonia,repens,NA,,AK,,,,,,,,,,,,,,,,,,73,Rhus trilobata,Rhus trilobata,Rhus,trilobata,NA,,AK,,,,,,,,,,,,,,,,,,73,Symphoricarpos oreophilus,Symphoricarpos oreophilus,Symphoricarpos,oreophilus,NA,,AK,,,,,,,,,,,,,,,,,,73,Sumbucus cerulea,Sumbucus cerulea,Sumbucus,cerulea,NA,,AK,,,,,,,,,,,,,,,,,,74,Gaultheria mucronata,Gaultheria mucronata,Gaultheria,mucronata,NA,,AK,,,,,,,,,,,,,,,,,,74,Luma apiculata,Luma apiculata,Luma,apiculata,NA,,AK,,,,,,,,,,,,,,,,,,74,Myrceugenia planipes,Myrceugenia planipes,Myrceugenia,planipes,NA,,AK,,,,,,,,,,,,,,,,,,74,Myrteola nummularia.,Myrteola nummularia.,Myrteola,nummularia,NA,removed periods from genus and species,AK,,,,,,,,,,,,,,,,,,75,Opuntia maxima,Opuntia maxima,Opuntia,maxima,NA,,AK,,,,,,,,,,,,,,,,,,76,Campomanesia sp.,Campomanesia sp.,Campomanesia,sp.,NA,removed period from genus,AK,,,,,,,,,,,,,,,,,,76,Campomanesia pubescens,Campomanesia pubescens,Campomanesia,pubescens,NA,,AK,,,,,,,,,,,,,,,,,,76,Duguetia furfuracea,Duguetia furfuracea,Duguetia,furfuracea,NA,,AK,,,,,,,,,,,,,,,,,,76,Melancium campestre,Melancium campestre,Melancium,campestre,NA,,AK,,,,,,,,,,,,,,,,,,76,Myrtaceae sp.,Myrtaceae sp.,Myrtaceae,sp.,NA,removed period from genus,AK,,,,,,,,,,,,,,,,,,76,Parinari obtusifolia,Parinari obtusifolia,Parinari,obtusifolia,NA,,AK,,,,,,,,,,,,,,,,,,76,Psidium,Psidium,Psidium,Psidium,NA,,AK,,,,,,,,,,,,,,,,,,76,Psidium guajava,Psidium guajava,Psidium,guajava,NA,,AK,,,,,,,,,,,,,,,,,,76,Solanum sisymbriifolium,Solanum sisymbriifolium,Solanum,sisymbriifolium,NA,,AK,,,,,,,,,,,,,,,,,,76,Solanum crinitum,Solanum crinitum,Solanum,crinitum,NA,,AK,,,,,,,,,,,,,,,,,,76,Solanum lycocarpum,Solanum lycocarpum,Solanum,lycocarpum,NA,,AK,,,,,,,,,,,,,,,,,,76,Syagrus rommanzofiana,Syagrus rommanzofiana,Syagrus,rommanzofiana,NA,,AK,,,,,,,,,,,,,,,,,,77,Sorbus aucuparia,Sorbus aucuparia,Sorbus,aucuparia,NA,,AK,,,,,,,,,,,,,,,,,,78,Betula pendula,Betula pendula,Betula,pendula,NA,,AK,,,,,,,,,,,,,,,,,,78,Malus sylvestris,Malus sylvestris,Malus,sylvestris,NA,,AK,,,,,,,,,,,,,,,,,,78,Ribes uvacrispa,Ribes uvacrispa,Ribes,uvacrispa,NA,,AK,,,,,,,,,,,,,,,,,,78,Vaccinium myrtillus,Vaccinium myrtillus,Vaccinium,myrtillus,NA,,AK,,,,,,,,,,,,,,,,,,78,Vitis vinifera,Vitis vinifera,Vitis,vinifera,NA,,AK,,,,,,,,,,,,,,,,,,79,Rubia tenuifolia,Rubia tenuifolia,Rubia,tenuifolia,NA,,AK,,,,,,,,,,,,,,,,,,79,Smilax aspera,Smilax aspera,Smilax,aspera,NA,,AK,,,,,,,,,,,,,,,,,,79,Osyris alba,Osyris alba,Osyris,alba,NA,,AK,,,,,,,,,,,,,,,,,,79,Pistacia palaestina,Pistacia palaestina,Pistacia,palaestina,NA,,AK,,,,,,,,,,,,,,,,,,79,Rhamnus palaestinus,Rhamnus palaestinus,Rhamnus,palaestinus,NA,,AK,,,,,,,,,,,,,,,,,,80,Apeiba aspera,Apeiba aspera,Apeiba,aspera,NA,,AK,,,,,,,,,,,,,,,,,,80,Castilla ulei,Castilla ulei,Castilla,ulei,NA,,AK,,,,,,,,,,,,,,,,,,80,Cecropia sciandophylla,Cecropia sciandophylla,Cecropia,sciandophylla,NA,,AK,,,,,,,,,,,,,,,,,,80,Crepidospermum rhoifolium,Crepidospermum rhoifolium,Crepidospermum,rhoifolium,NA,,AK,,,,,,,,,,,,,,,,,,80,Ficus insipida,Ficus insipida,Ficus,insipida,NA,,AK,,,,,,,,,,,,,,,,,,80,Ficus nymphaeifolia,Ficus nymphaeifolia,Ficus,nymphaeifolia,NA,,AK,,,,,,,,,,,,,,,,,,80,Gustavia hexapetala,Gustavia hexapetala,Gustavia,hexapetala,NA,,AK,,,,,,,,,,,,,,,,,,80,Helicostylis tomentosa,Helicostylis tomentosa,Helicostylis,tomentosa,NA,,AK,,,,,,,,,,,,,,,,,,80,Hyeronima alchorneoides,Hyeronima alchorneoides,Hyeronima,alchorneoides,NA,,AK,,,,,,,,,,,,,,,,,,80,Inga alba,Inga alba,Inga,alba,NA,,AK,,,,,,,,,,,,,,,,,,80,Inga edulis,Inga edulis,Inga,edulis,NA,,AK,,,,,,,,,,,,,,,,,,80,Pourouma bicolor,Pourouma bicolor,Pourouma,bicolor,NA,,AK,,,,,,,,,,,,,,,,,,80,Protium sagotianum,Protium sagotianum,Protium,sagotianum,NA,,AK,,,,,,,,,,,,,,,,,,80,Pseudolmedia laevigata,Pseudolmedia laevigata,Pseudolmedia,laevigata,NA,,AK,,,,,,,,,,,,,,,,,,80,Sarcaulus brasiliensis,Sarcaulus brasiliensis,Sarcaulus,brasiliensis,NA,,AK,,,,,,,,,,,,,,,,,,80,Simarouba amara,Simarouba amara,Simarouba,amara,NA,,AK,,,,,,,,,,,,,,,,,,81,Aliberia handrantha,Aliberia handrantha,Aliberia,handrantha,NA,,AK,,,,,,,,,,,,,,,,,,81,Brosimum lactescens,Brosimum lactescens,Brosimum,lactescens,NA,,AK,,,,,,,,,,,,,,,,,,81,Brsoimum alicastrum,Brsoimum alicastrum,Brsoimum,alicastrum,NA,,AK,,,,,,,,,,,,,,,,,,81,Castilla ulei,Castilla ulei,Castilla,ulei,NA,,AK,,,,,,,,,,,,,,,,,,81,Coussapoa orthoneura,Coussapoa orthoneura,Coussapoa,orthoneura,NA,,AK,,,,,,,,,,,,,,,,,,81,Ficus pertusa,Ficus pertusa,Ficus,pertusa,NA,,AK,,,,,,,,,,,,,,,,,,81,Inga edulis,Inga edulis,Inga,edulis,NA,,AK,,,,,,,,,,,,,,,,,,81,Jacaratia digitata,Jacaratia digitata,Jacaratia,digitata,NA,,AK,,,,,,,,,,,,,,,,,,81,Leonia crassa,Leonia crassa,Leonia,crassa,NA,,AK,,,,,,,,,,,,,,,,,,81,Oenocarpus bataua,Oenocarpus bataua,Oenocarpus,bataua,NA,,AK,,,,,,,,,,,,,,,,,,81,Protium crenatum,Protium crenatum,Protium,crenatum,NA,,AK,,,,,,,,,,,,,,,,,,81,Protium sagotianum,Protium sagotianum,Protium,sagotianum,NA,,AK,,,,,,,,,,,,,,,,,,81,Simarouba amara,Simarouba amara,Simarouba,amara,NA,,AK,,,,,,,,,,,,,,,,,,81,Trichilia tuberculata,Trichilia tuberculata,Trichilia,tuberculata,NA,,AK,,,,,,,,,,,,,,,,,,81,Trichostigma octandrum,Trichostigma octandrum,Trichostigma,octandrum,NA,,AK,,,,,,,,,,,,,,,,,,82,Castilla ulei,Castilla ulei,Castilla,ulei,NA,,AK,,,,,,,,,,,,,,,,,,82,Coccoloba densifrons,Coccoloba densifrons,Coccoloba,densifrons,NA,,AK,,,,,,,,,,,,,,,,,,82,Ficus insipida,Ficus insipida,Ficus,insipida,NA,,AK,,,,,,,,,,,,,,,,,,82,Inga acreana,Inga acreana,Inga,acreana,NA,,AK,,,,,,,,,,,,,,,,,,82,Inga cylindrica,Inga cylindrica,Inga,cylindrica,NA,,AK,,,,,,,,,,,,,,,,,,82,Guapira cuspidata,Guapira cuspidata,Guapira,cuspidata,NA,,AK,,,,,,,,,,,,,,,,,,82,Pseudomedia laevis,Pseudomedia laevis,Pseudomedia,laevis,NA,,AK,,,,,,,,,,,,,,,,,,83,Arum hygrophilum,Arum hygrophilum,Arum,hygrophilum,NA,,AK,,,,,,,,,,,,,,,,,,83,Asparagus aphyllus,Asparagus aphyllus,Asparagus,aphyllus,NA,,AK,,,,,,,,,,,,,,,,,,83,Ephedra campylopoda,Ephedra campylopoda,Ephedra,campylopoda,NA,,AK,,,,,,,,,,,,,,,,,,83,Morus nigra,Morus nigra,Morus,nigra,NA,,AK,,,,,,,,,,,,,,,,,,83,Morus alba,Morus alba,Morus,alba,NA,,AK,,,,,,,,,,,,,,,,,,83,Myrtas communis,Myrtas communis,Myrtas,communis,NA,,AK,,,,,,,,,,,,,,,,,,83,Rhamnus alaternus,Rhamnus alaternus,Rhamnus,alaternus,NA,,AK,,,,,,,,,,,,,,,,,,83,Rhamnus palaestinus,Rhamnus palaestinus,Rhamnus,palaestinus,NA,,AK,,,,,,,,,,,,,,,,,,83,Rubia tenuifolia,Rubia tenuifolia,Rubia,tenuifolia,NA,,AK,,,,,,,,,,,,,,,,,,83,Rubas sanctus,Rubas sanctus,Rubas,sanctus,NA,,AK,,,,,,,,,,,,,,,,,,83,Smilax aspera,Smilax aspera,Smilax,aspera,NA,,AK,,,,,,,,,,,,,,,,,,83,Tamus communis,Tamus communis,Tamus,communis,NA,,AK,,,,,,,,,,,,,,,,,,83,Tamus orientalis,Tamus orientalis,Tamus,orientalis,NA,,AK,,,,,,,,,,,,,,,,,,83,Viscum cruciatum,Viscum cruciatum,Viscum,cruciatum,NA,,AK,,,,,,,,,,,,,,,,,,84,Coprosma propinqua,Coprosma propinqua,Coprosma,propinqua,NA,,AK,,,,,,,,,,,,,,,,,,85,Morus nigra,Morus nigra,Morus,nigra,NA,,AK,,,,,,,,,,,,,,,,,,85,Solanum luteum,Solanum luteum,Solanum,luteum,NA,,AK,,,,,,,,,,,,,,,,,,86,Balanites wilsoniana,Balanites wilsoniana,Balanites,wilsoniana,NA,,AK,,,,,,,,,,,,,,,,,,87,Anonidium mannii,Anonidium mannii,Anonidium,mannii,NA,,AK,,,,,,,,,,,,,,,,,,87,Antrocaryon micraster,Antrocaryon micraster,Antrocaryon,micraster,NA,,AK,,,,,,,,,,,,,,,,,,87,Detarium macrocarpa,Detarium macrocarpa,Detarium,macrocarpa,NA,,AK,,,,,,,,,,,,,,,,,,87,Dovyalis zenkeri,Dovyalis zenkeri,Dovyalis,zenkeri,NA,,AK,,,,,,,,,,,,,,,,,,87,Duboscia viridiflora,Duboscia viridiflora,Duboscia,viridiflora,NA,,AK,,,,,,,,,,,,,,,,,,87,Irvingia gabonensis,Irvingia gabonensis,Irvingia,gabonensis,NA,,AK,,,,,,,,,,,,,,,,,,87,Irvingia grandifolia,Irvingia grandifolia,Irvingia,grandifolia,NA,,AK,,,,,,,,,,,,,,,,,,87,Klainedoxa gabonensis,Klainedoxa gabonensis,Klainedoxa,gabonensis,NA,,AK,,,,,,,,,,,,,,,,,,87,Mammea africana,Mammea africana,Mammea,africana,NA,,AK,,,,,,,,,,,,,,,,,,87,Myrianthus arboreus,Myrianthus arboreus,Myrianthus,arboreus,NA,,AK,,,,,,,,,,,,,,,,,,87,Omphalocarpu elatum,Omphalocarpu elatum,Omphalocarpu,elatum,NA,,AK,,,,,,,,,,,,,,,,,,87,Strychnos aculeata,Strychnos aculeata,Strychnos,aculeata,NA,,AK,,,,,,,,,,,,,,,,,,87,Panda oleosa,Panda oleosa,Panda,oleosa,NA,,AK,,,,,,,,,,,,,,,,,,87,Poga oleaosa,Poga oleaosa,Poga,oleaosa,NA,,AK,,,,,,,,,,,,,,,,,,88,Prosopis nigra,Prosopis nigra,Prosopis,nigra,NA,,AK,,,,,,,,,,,,,,,,,,88,Acacia caven,Acacia caven,Acacia,caven,NA,,AK,,,,,,,,,,,,,,,,,,89,Corema album,Corema album,Corema,album,NA,,AK,,,,,,,,,,,,,,,,,,90,Maesopsis eminii,Maesopsis eminii,Maesopsis,eminii,NA,,AK,,,,,,,,,,,,,,,,,,91,Sorbus commixta,Sorbus commixta,Sorbus,commixta,NA,,AK,,,,,,,,,,,,,,,,,,92,Thrinax morrissii,Thrinax morrissii,Thrinax,morrissii,NA,,AK,,,,,,,,,,,,,,,,,,92,Serenoa repens,Serenoa repens,Serenoa,repens,NA,,AK,,,,,,,,,,,,,,,,,,92,Byrsonima lucida,Byrsonima lucida,Byrsonima,lucida,NA,,AK,,,,,,,,,,,,,,,,,,93,Prunus sargentii,Prunus sargentii,Prunus,sargentii,NA,,AK,,,,,,,,,,,,,,,,,,93,Prunus ssiori,Prunus ssiori,Prunus,ssiori,NA,,AK,,,,,,,,,,,,,,,,,,94,Ficus thunbergii,Ficus thunbergii,Ficus,thunbergii,NA,,AK,,,,,,,,,,,,,,,,,,94,Eurya japonica,Eurya japonica,Eurya,japonica,NA,,AK,,,,,,,,,,,,,,,,,,94,andå Vaccinium bracteatum,andå Vaccinium bracteatum,Vaccinium,bracteatum,NA,"""andA"" was removed",AK,,,,,,,,,,,,,,,,,,94,Psychotria serpens,Psychotria serpens,Psychotria,serpens,NA,,AK,,,,,,,,,,,,,,,,,,94,Myrsine seguinii,Myrsine seguinii,Myrsine,seguinii,NA,,AK,,,,,,,,,,,,,,,,,,94,Diospyros morrisiana,Diospyros morrisiana,Diospyros,morrisiana,NA,,AK,,,,,,,,,,,,,,,,,,94,Neolitsea sericea,Neolitsea sericea,Neolitsea,sericea,NA,,AK,,,,,,,,,,,,,,,,,,95,Eurya emarginata,Eurya emarginata,Eurya,emarginata,NA,,AK,,,,,,,,,,,,,,,,,,96,Acacia collinsii.,Acacia collinsii.,Acacia,collinsii,NA,removed periods from genus and species,AK,,,,,,,,,,,,,,,,,,97,Billardiera fusiformis,Billardiera fusiformis,Billardiera,fusiformis,NA,,AK,,,,,,,,,,,,,,,,,,98,Rubia fruticosa,Rubia fruticosa,Rubia,fruticosa,NA,,AK,,,,,,,,,,,,,,,,,,99,Rubia fruticosa,Rubia fruticosa,Rubia,fruticosa,NA,,AK,,,,,,,,,,,,,,,,,,100,Ficus microcarpa,Ficus microcarpa,Ficus,microcarpa,NA,,AK,,,,,,,,,,,,,,,,,,100,Ficus erecta,Ficus erecta,Ficus,erecta,NA,,AK,,,,,,,,,,,,,,,,,,100,Ficus septica,Ficus septica,Ficus,septica,NA,,AK,,,,,,,,,,,,,,,,,,100,Ficus benguetensis,Ficus benguetensis,Ficus,benguetensis,NA,,AK,,,,,,,,,,,,,,,,,,100,Ficus superba,Ficus superba,Ficus,superba,NA,,AK,,,,,,,,,,,,,,,,,,100,Ficus virgata,Ficus virgata,Ficus,virgata,NA,,AK,,,,,,,,,,,,,,,,,,100,Morus australis,Morus australis,Morus,australis,NA,,AK,,,,,,,,,,,,,,,,,,100,Acitnidia ruga,Acitnidia ruga,Acitnidia,ruga,NA,,AK,,,,,,,,,,,,,,,,,,100,Calophyllum inophyllum,Calophyllum inophyllum,Calophyllum,inophyllum,NA,,AK,,,,,,,,,,,,,,,,,,100,Elaeagnus glabra,Elaeagnus glabra,Elaeagnus,glabra,NA,,AK,,,,,,,,,,,,,,,,,,100,Terminalia catappa,Terminalia catappa,Terminalia,catappa,NA,,AK,,,,,,,,,,,,,,,,,,101,Turraea holstii,Turraea holstii,Turraea,holstii,NA,,,,,,,,,,,,,,,,,,,,101,Xymalos monospora,Xymalos monospora,Xymalos,monospora,NA,,,,,,,,,,,,,,,,,,,,101,Psychotria lauracea,Psychotria lauracea,Psychotria,lauracea,NA,,,,,,,,,,,,,,,,,,,,101,Leptonychia usambarensis,Leptonychia usambarensis,Leptonychia,usambarensis,NA,,,,,,,,,,,,,,,,,,,,101,Xymalos monospora,Xymalos monospora,Xymalos,monospora,NA,,,,,,,,,,,,,,,,,,,,102,Annona cherimola,Annona cherimola,Annona,cherimola,NA,,,,,,,,,,,,,,,,,,,,102,Arctostaphylos glauca,Arctostaphylos glauca,Arctostaphylos,glauca,NA,,,,,,,,,,,,,,,,,,,,102,Arctostaphylos sp.,Arctostaphylos sp.,Arctostaphylos.,sp.,NA,,,,,,,,,,,,,,,,,,,,102,Cucumis sp.,Cucumis sp.,Cucumis.,sp.,NA,,,,,,,,,,,,,,,,,,,,102,Ficus sp.,Ficus sp.,Ficus.,sp.,NA,,,,,,,,,,,,,,,,,,,,102,Gragaria sp.,Gragaria sp.,Gragaria.,sp.,NA,,,,,,,,,,,,,,,,,,,,102,Heteromeles arbutifolia,Heteromeles arbutifolia,Heteromeles,arbutifolia,NA,,,,,,,,,,,,,,,,,,,,102,Lycopersicon esculentum,Lycopersicon esculentum,Lycopersicon,esculentum,NA,,,,,,,,,,,,,,,,,,,,102,Opuntia littoralis,Opuntia littoralis,Opuntia,littoralis,NA,,,,,,,,,,,,,,,,,,,,102,Panicum miliaceum,Panicum miliaceum,Panicum,miliaceum,NA,,,,,,,,,,,,,,,,,,,,102,Phoenix sp.,Phoenix sp.,Phoenix,sp.,NA,,,,,,,,,,,,,,,,,,,,102,Prosopis glandulosa,Prosopis glandulosa,Prosopis,glandulosa,NA,,,,,,,,,,,,,,,,,,,,102,Prunus ilicifolia,Prunus ilicifolia,Prunus,ilicifolia,NA,,,,,,,,,,,,,,,,,,,,102,Prunus sp.,Prunus sp.,Prunus,sp.,NA,,,,,,,,,,,,,,,,,,,,102,Pyracantha sp.,Pyracantha sp.,Pyracantha,sp.,NA,,,,,,,,,,,,,,,,,,,,102,Vitis sp.,Vitis sp.,Vitis,sp.,NA,,,,,,,,,,,,,,,,,,,,103,Lonicera maackii,Lonicera maackii,Lonicera,maackii,NA,,,,,,,,,,,,,,,,,,,,104,Rhamnus alaternus,Rhamnus alaternus,Rhamnus,alaternus,NA,,,,,,,,,,,,,,,,,,,,105,Ficus sp.,Ficus sp.,Ficus,sp.,NA,,,,,,,,,,,,,,,,,,,,105,Aechmea sp.,Aechmea sp.,Aechmea,sp.,NA,,,,,,,,,,,,,,,,,,,,105,Genipa americana,Genipa americana,Genipa,americana,NA,,,,,,,,,,,,,,,,,,,,106,kiwifruit (Actinidia chinensis),Actinidia chinensis,Actinidia,chinensis,kiwifruit,,,,,,,,,,,,,,,,,,,,107,Rubia fruticosa,Rubia fruticosa,Rubia,fruticosa,NA,,,,,,,,,,,,,,,,,,,,108,Adansonia rubrostipa,Adansonia rubrostipa,Adansonia,rubrostipa,NA,,,,,,,,,,,,,,,,,,,,109,Ficus montana,Ficus montana,Ficus,montana,NA,,,,,,,,,,,,,,,,,,,,110,Casearia lasiphylla,Casearia lasiphylla,Casearia,lasiphylla,NA,,,,,,,,,,,,,,,,,,,,110,Cecropia pachstachya,Cecropia pachstachya,Cecropia,pachstachya,NA,,,,,,,,,,,,,,,,,,,,110,Ficus obtusifolia,Ficus obtusifolia,Ficus,obtusifolia,NA,,,,,,,,,,,,,,,,,,,,110,Guazuma ulmifolia,Guazuma ulmifolia,Guazuma,ulmifolia,NA,,,,,,,,,,,,,,,,,,,,110,Lithraea molleoides,Lithraea molleoides,Lithraea,molleoides,NA,,,,,,,,,,,,,,,,,,,,110,Myrcia guajavaefolia,Myrcia guajavaefolia,Myrcia,guajavaefolia,NA,,,,,,,,,,,,,,,,,,,,111,Mauritian ebony (Diospyros egrettarum),Diospyros egrettarum,Diospyros,egrettarum,Mauritian ebony,,,,,,,,,,,,,,,,,,,,112,Ligustrum robustum,Ligustrum robustum,Ligustrum,robustum,NA,,,,,,,,,,,,,,,,,,,,112,Clidemia hirta,Clidemia hirta,Clidemia,hirta,NA,,,,,,,,,,,,,,,,,,,,113,Cordia alba,Cordia alba,Cordia,alba,NA,,,,,,,,,,,,,,,,,,,,113,Momordica charantia,Momordica charantia,Momordica,charantia,NA,,,,,,,,,,,,,,,,,,,,113,Pithecellobium dulce,Pithecellobium dulce,Pithecellobium,dulce,NA,,,,,,,,,,,,,,,,,,,,113,Lycopersicon esculentum,Lycopersicon esculentum,Lycopersicon,esculentum,NA,,,,,,,,,,,,,,,,,,,,114,Ficus,Ficus,Ficus,pertusa,NA,,,,,,,,,,,,,,,,,,,,114,Ficus,Ficus,Ficus,perforata,NA,,,,,,,,,,,,,,,,,,,,115,Berberis empetrifolia,Berberis empetrifolia,Berberis,empetrifolia,NA,,,,,,,,,,,,,,,,,,,,116,Ormosia macrocalyx,Ormosia macrocalyx,Ormosia,macrocalyx,NA,,,,,,,,,,,,,,,,,,,,116,Ormosia bopiensi,Ormosia bopiensi,Ormosia,bopiensi,NA,,,,,,,,,,,,,,,,,,,,117,Prunus jamasakura,Prunus jamasakura,Prunus,jamasakura,NA,,,,,,,,,,,,,,,,,,,,118,Afamomum excarpum,Afamomum excarpum,Afamomum,excarpum,NA,,,,,,,,,,,,,,,,,,,,118,Cynometra megalophylla,Cynometra megalophylla,Cynometra,megalophylla,NA,,,,,,,,,,,,,,,,,,,,118,Dialium guineense,Dialium guineense,Dialium,guineense,NA,,,,,,,,,,,,,,,,,,,,118,Diospyros mespiliformis,Diospyros mespiliformis,Diospyros,mespiliformis,NA,,,,,,,,,,,,,,,,,,,,118,Drypetes floribunda,Drypetes floribunda,Drypetes,floribunda,NA,,,,,,,,,,,,,,,,,,,,118,Keetia sp.,Keetia sp.,Keetia,sp.,NA,,,,,,,,,,,,,,,,,,,,118,Lannea acida,Lannea acida,Lannea,acida,NA,,,,,,,,,,,,,,,,,,,,118,Lannea barteri,Lannea barteri,Lannea,barteri,NA,,,,,,,,,,,,,,,,,,,,118,Lannea welwitschii,Lannea welwitschii,Lannea,welwitschii,NA,,,,,,,,,,,,,,,,,,,,118,Manilkara obovata,Manilkara obovata,Manilkara,obovata,NA,,,,,,,,,,,,,,,,,,,,118,Oxyanthus racemosus,Oxyanthus racemosus,Oxyanthus,racemosus,NA,,,,,,,,,,,,,,,,,,,,118,Parkia biglobosa,Parkia biglobosa,Parkia,biglobosa,NA,,,,,,,,,,,,,,,,,,,,118,Pouteria alnifolia,Pouteria alnifolia,Pouteria,alnifolia,NA,,,,,,,,,,,,,,,,,,,,118,Saba senegalensis,Saba senegalensis,Saba,senegalensis,NA,,,,,,,,,,,,,,,,,,,,118,Sarcocephalus latifoius,Sarcocephalus latifoius,Sarcocephalus,latifoius,NA,,,,,,,,,,,,,,,,,,,,118,Tamarindus indica,Tamarindus indica,Tamarindus,indica,NA,,,,,,,,,,,,,,,,,,,,118,Tapura fischeri,Tapura fischeri,Tapura,fischeri,NA,,,,,,,,,,,,,,,,,,,,118,Uapaca togoensis,Uapaca togoensis,Uapaca,togoensis,NA,,,,,,,,,,,,,,,,,,,,118,Uvaria chamae,Uvaria chamae,Uvaria,chamae,NA,,,,,,,,,,,,,,,,,,,,119,Tapirira guianensis,Tapirira guianensis,Tapirira,guianensis,NA,,,,,,,,,,,,,,,,,,,,119,Rollinia dolabripetala,Rollinia dolabripetala,Rollinia,dolabripetala,NA,,,,,,,,,,,,,,,,,,,,119,Cecropis hololeuca,Cecropis hololeuca,Cecropis,hololeuca,NA,,,,,,,,,,,,,,,,,,,,119,Cecropia pachystachya,Cecropia pachystachya,Cecropia,pachystachya,NA,,,,,,,,,,,,,,,,,,,,119,Pourouma guianensis,Pourouma guianensis,Pourouma,guianensis,NA,,,,,,,,,,,,,,,,,,,,119,Euphorbiaceae sp.,Euphorbiaceae sp.,NA,NA ,NA,genus and species unknown,,,,,,,,,,,,,,,,,,,119,Inga thibaudiana,Inga thibaudiana,Inga,thibaudiana,NA,,,,,,,,,,,,,,,,,,,,119,Inga edulis,Inga edulis,Inga,edulis,NA,,,,,,,,,,,,,,,,,,,,119,Miconia hypoleuca,Miconia hypoleuca,Miconia,hypoleuca,NA,,,,,,,,,,,,,,,,,,,,119,Miconia latecrenata,Miconia latecrenata,Miconia,latecrenata,NA,,,,,,,,,,,,,,,,,,,,119,Miconia lepidota,Miconia lepidota,Miconia,lepidota,NA,,,,,,,,,,,,,,,,,,,,119,Henriettea saldanhei,Henriettea saldanhei,Henriettea,saldanhei,NA,,,,,,,,,,,,,,,,,,,,119,Calyptranthes lucida,Calyptranthes lucida,Calyptranthes,lucida,NA,,,,,,,,,,,,,,,,,,,,119,Myrcia sp.,Myrcia sp.,Myrcia,sp.,NA,,,,,,,,,,,,,,,,,,,,119,Marlierea sp.,Marlierea sp.,Marlierea,sp.,NA,,,,,,,,,,,,,,,,,,,,119,Myrtaceae sp.,Myrtaceae sp.,NA,NA,NA,Paper lists the family name Myrtaceae as genus.,,,,,,,,,,,,,,,,,,,119,Campomanesia eugenioides,Campomanesia eugenioides,Campomanesia,eugenioides,NA,,,,,,,,,,,,,,,,,,,,119,Passiflora rhamnifolia,Passiflora rhamnifolia,Passiflora,rhamnifolia,NA,,,,,,,,,,,,,,,,,,,,119,Tocoyena brasiliensis,Tocoyena brasiliensis,Tocoyena,brasiliensis,NA,,,,,,,,,,,,,,,,,,,,119,Randia sp. POsoqueria latifolia,Randia sp. POsoqueria latifolia,Randia,sp. ,NA,,,,,,,,,,,,,,,,,,,,119,Randia sp. POsoqueria latifolia,Randia sp. POsoqueria latifolia,Posoqueria,latifolia,NA,,,,,,,,,,,,,,,,,,,,119,Sarcaulus brasiliensis,Sarcaulus brasiliensis,Sarcaulus,brasiliensis,NA,,,,,,,,,,,,,,,,,,,,119,Micropholis gardneriana,Micropholis gardneriana,Micropholis,gardneriana,NA,,,,,,,,,,,,,,,,,,,,120,Crataegus pubescens,Crataegus pubescens,Crataegus,pubescens,NA,,,,,,,,,,,,,,,,,,,,120,Prunus serÌ_tina,Prunus serÌ_tina,Prunus,serotina,NA,,,,,,,,,,,,,,,,,,,,120,Salix bonplandiana,Salix bonplandiana,Salix,bonplandiana,NA,,,,,,,,,,,,,,,,,,,,121,Trewia nudiflora,Trewia nudiflora,Trewia,nudiflora,NA,,,,,,,,,,,,,,,,,,,,122,Mimusops elengi,Mimusops elengi,Mimusops,elengi,NA,,,,,,,,,,,,,,,,,,,,122,Diospyros fasciculosa,Diospyros fasciculosa,Diospyros,fasciculosa,NA,,,,,,,,,,,,,,,,,,,,122,Vitex collina,Vitex collina,Vitex,collina,NA,,,,,,,,,,,,,,,,,,,,123,Santalum austrocaledonicum,Santalum austrocaledonicum,Santalum,austrocaledonicum,NA,,,,,,,,,,,,,,,,,,,,124,miro (Prumnopitys ferruginea),Prumnopitys ferruginea,Prumnopitys,ferruginea,miro,,,,,,,,,,,,,,,,,,,,125,Berberis glaucocarpa,Berberis glaucocarpa,Berberis,glaucocarpa,NA,,,,,,,,,,,,,,,,,,,,125,Cotoneasterspp.,Cotoneasterspp.,Cotoneaster,sp.,NA,changed Cotoneasterspp. and separated to genus and spp columns,,,,,,,,,,,,,,,,,,,125,Crataegus monogyna,Crataegus monogyna,Crataegus,monogyna,NA,,,,,,,,,,,,,,,,,,,,125,Illex aquifolium,Illex aquifolium,Illex,aquifolium,NA,,,,,,,,,,,,,,,,,,,,125,Leycesteria formosa,Leycesteria formosa,Leycesteria,formosa,NA,,,,,,,,,,,,,,,,,,,,125,Ligustrum sinense,Ligustrum sinense,Ligustrum,sinense,NA,,,,,,,,,,,,,,,,,,,,125,Lonicera japonica,Lonicera japonica,Lonicera,japonica,NA,,,,,,,,,,,,,,,,,,,,125,Passiflora mollissima,Passiflora mollissima,Passiflora,mollissima,NA,,,,,,,,,,,,,,,,,,,,125,Pyracantha angustifolia,Pyracantha angustifolia,Pyracantha,angustifolia,NA,,,,,,,,,,,,,,,,,,,,125,Sorbus hupehensis,Sorbus hupehensis,Sorbus,hupehensis,NA,,,,,,,,,,,,,,,,,,,,125,Coprosma spp.,Coprosma spp.,Coprosma,sp.,NA,changed spp. to sp. ,,,,,,,,,,,,,,,,,,,125,Prumnopitys ferruginea,Prumnopitys ferruginea,Prumnopitys,ferruginea,NA,,,,,,,,,,,,,,,,,,,,125,Solanum aviculare,Solanum aviculare,Solanum,aviculare,NA,,,,,,,,,,,,,,,,,,,,126,Acacia pennatula,Acacia pennatula,Acacia,pennatula,NA,,,,,,,,,,,,,,,,,,,,126,Enterolobium cyclocarpum,Enterolobium cyclocarpum,Enterolobium,cyclocarpum,NA,,,,,,,,,,,,,,,,,,,,126,Guazuma ulmifolia,Guazuma ulmifolia,Guazuma,ulmifolia,NA,,,,,,,,,,,,,,,,,,,,127,Clematoclethra scandens,Clematoclethra scandens,Clematoclethra,scandens,NA,,,,,,,,,,,,,,,,,,,,127,Actinidia chinensis,Actinidia chinensis,Actinidia,chinensis,NA,,,,,,,,,,,,,,,,,,,,127,Hovenia dulcis,Hovenia dulcis,Hovenia,dulcis,NA,,,,,,,,,,,,,,,,,,,,127,Dendrobenthamia japonica,Dendrobenthamia japonica,Dendrobenthamia,japonica,NA,,,,,,,,,,,,,,,,,,,,128,Ficus insipida,Ficus insipida,Ficus,insipida,NA,,,,,,,,,,,,,,,,,,,,128,Ficus maxima,Ficus maxima,Ficus,maxima,NA,,,,,,,,,,,,,,,,,,,,128,Ficus yoponensis,Ficus yoponensis,Ficus,yoponensis,NA,,,,,,,,,,,,,,,,,,,,128,Ficus nymphiifolia,Ficus nymphiifolia,Ficus,nymphiifolia,NA,,,,,,,,,,,,,,,,,,,,128,Ficus obtusifolia,Ficus obtusifolia,Ficus,obtusifolia,NA,,,,,,,,,,,,,,,,,,,,128,Ficus popenoei,Ficus popenoei,Ficus,popenoei,NA,,,,,,,,,,,,,,,,,,,,129,Banara arguta,Banara arguta,Banara,arguta,NA,,,,,,,,,,,,,,,,,,,,129,Ocotea dispyrifolia,Ocotea dispyrifolia,Ocotea,dispyrifolia,NA,,,,,,,,,,,,,,,,,,,,129,Eugenia punicifolia,Eugenia punicifolia,Eugenia,punicifolia,NA,,,,,,,,,,,,,,,,,,,,129,Cecropia,Cecropia,Cecropia,sp.,NA,"Cecropia was in sp. column, changed to sp.",,,,,,,,,,,,,,,,,,,130,Cecropia spp.a,Cecropia spp.a,Cecropia.a,sp.,NA,in sp. column changed spp.a to sp.,,,,,,,,,,,,,,,,,,,130,Duroia duckei,Duroia duckei,Duroia,duckei,NA,,,,,,,,,,,,,,,,,,,,130,Bactris maraja,Bactris maraja,Bactris,maraja,NA,,,,,,,,,,,,,,,,,,,,130,Bacins bidentula,Bacins bidentula,Bacins,bidentula,NA,,,,,,,,,,,,,,,,,,,,130,Crateva tapia,Crateva tapia,Crateva,tapia,NA,,,,,,,,,,,,,,,,,,,,130,CayaponÌ_a cruegeri,CayaponÌ_a cruegeri,Cayaponi_a,cruegeri,NA,removed Ì from cayaponia,,,,,,,,,,,,,,,,,,,130,Annona muricata,Annona muricata,Annona,muricata,NA,,,,,,,,,,,,,,,,,,,,130,Cayaponia tubulosa,Cayaponia tubulosa,Cayaponia,tubulosa,NA,,,,,,,,,,,,,,,,,,,,130,Genipa spruceana,Genipa spruceana,Genipa,spruceana,NA,,,,,,,,,,,,,,,,,,,,130,Ternstroemia penduliflora,Ternstroemia penduliflora,Ternstroemia,penduliflora,NA,,,,,,,,,,,,,,,,,,,,130,Leona glycycarpa,Leona glycycarpa,Leona,glycycarpa,NA,,,,,,,,,,,,,,,,,,,,130,Dulacia candida,Dulacia candida,Dulacia,candida,NA,,,,,,,,,,,,,,,,,,,,130,Carica microcarpa,Carica microcarpa,Carica,microcarpa,NA,,,,,,,,,,,,,,,,,,,,131,mango,mango,Mangifera,indica,NA,changed mango to Mangifera indica,,,,,,,,,,,,,,,,,,,131,durian,durian,durio,sp.,NA,changed duran to durio sp.,,,,,,,,,,,,,,,,,,,131,chempedak,chempedak,Artocampus,integer,NA,changed chempedak to Artocarpus integer,,,,,,,,,,,,,,,,,,,131,rambutan,rambutan,ephelium,lappaceum,NA,changed rambutan to ephelium lappaceum,,,,,,,,,,,,,,,,,,,131,mangosteen,mangosteen,Garcinia,mangostana,NA,changed mangosteen to Garcinia mangostana,,,,,,,,,,,,,,,,,,,131,tamarind,tamarind,Tamarindus,indica,NA,changed tamarind to Tamarindus indica,,,,,,,,,,,,,,,,,,,131,longan,longan,Dimocarpus,longan,NA,changed longan to Dimocarpus longan,,,,,,,,,,,,,,,,,,,131,dillenia,dillenia,dillenia,sp.,NA,changed dillenia in sp column to sp.,,,,,,,,,,,,,,,,,,,131,papapya,papapya,Carica,papapya,NA,changed genus from papaya to Carica,,,,,,,,,,,,,,,,,,,132,Corema album,Corema album,Corema,album,NA,,,,,,,,,,,,,,,,,,,,132,Pyrus bourgaeana,Pyrus bourgaeana,Pyrus,bourgaeana,NA,,,,,,,,,,,,,,,,,,,,132,Rubus ulmifolius,Rubus ulmifolius,Rubus,ulmifolius,NA,,,,,,,,,,,,,,,,,,,,133,Genipa americana,Genipa americana,Genipa,americana,NA,,,,,,,,,,,,,,,,,,,,133,Jacaratia spinosa,Jacaratia spinosa,Jacaratia,spinosa,NA,,,,,,,,,,,,,,,,,,,,134,Dimocarpus longan,Dimocarpus longan,Dimocarpus,longan,NA,,,,,,,,,,,,,,,,,,,,134,Carica papaya,Carica papaya,Carica,papaya,NA,,,,,,,,,,,,,,,,,,,,134,Manilkara zapota,Manilkara zapota,Manilkara,zapota,NA,,,,,,,,,,,,,,,,,,,,135,Psidium guajava,Psidium guajava,Psidium,guajava,NA,,,,,,,,,,,,,,,,,,,,135,Melia azedarach,Melia azedarach,Melia,azedarach,NA,,,,,,,,,,,,,,,,,,,,135,Eriobotrya japonica,Eriobotrya japonica,Eriobotrya,japonica,NA,,,,,,,,,,,,,,,,,,,,135,Morus alba,Morus alba,Morus,alba,NA,,,,,,,,,,,,,,,,,,,,135,Epomophorus wahlbergi,Epomophorus wahlbergi,Epomophorus,wahlbergi,NA,,,,,,,,,,,,,,,,,,,,136,Solanum giganteum,Solanum giganteum,Solanum,giganteum,NA,,,,,,,,,,,,,,,,,,,,136,Solanum mauritianum,Solanum mauritianum,Solanum,mauritianum,NA,,,,,,,,,,,,,,,,,,,,137,Psittacanthus schiedeanus,Psittacanthus schiedeanus,Psittacanthus,schiedeanus,NA,,,,,,,,,,,,,,,,,,,,138,Solanum giganteum,Solanum giganteum,Solanum,giganteum,NA,,,,,,,,,,,,,,,,,,,,138,Syzygium cordatum,Syzygium cordatum,Syzygium,cordatum,NA,,,,,,,,,,,,,,,,,,,,138,Bridelia micrantha,Bridelia micrantha,Bridelia,micrantha,NA,,,,,,,,,,,,,,,,,,,,138,Celtis africana,Celtis africana,Celtis,africana,NA,,,,,,,,,,,,,,,,,,,,138,Clerodendrum glabrum,Clerodendrum glabrum,Clerodendrum,glabrum,NA,,,,,,,,,,,,,,,,,,,,138,Ficus lutea,Ficus lutea,Ficus,lutea,NA,,,,,,,,,,,,,,,,,,,,138,Ficus natalensis,Ficus natalensis,Ficus,natalensis,NA,,,,,,,,,,,,,,,,,,,,138,Ficus petersii,Ficus petersii,Ficus,petersii,NA,,,,,,,,,,,,,,,,,,,,138,Ficus sur,Ficus sur,Ficus,sur,NA,,,,,,,,,,,,,,,,,,,,138,Grewia occidentalis,Grewia occidentalis,Grewia,occidentalis,NA,,,,,,,,,,,,,,,,,,,,138,Mimusops caffra,Mimusops caffra,Mimusops,caffra,NA,,,,,,,,,,,,,,,,,,,,138,Rhamnus prinoides,Rhamnus prinoides,Rhamnus,prinoides,NA,,,,,,,,,,,,,,,,,,,,139,Genipa americana,Genipa americana,Genipa,americana,NA,,,,,,,,,,,,,,,,,,,,139,Sciadodendron excelsum,Sciadodendron excelsum,Sciadodendron,excelsum,NA,,,,,,,,,,,,,,,,,,,,139,Trichilia martiana,Trichilia martiana,Trichilia,martiana,NA,,,,,,,,,,,,,,,,,,,,139,Acacia collinsii,Acacia collinsii,Acacia,collinsii,NA,,,,,,,,,,,,,,,,,,,,139,Casearia arguta,Casearia arguta,Casearia,arguta,NA,,,,,,,,,,,,,,,,,,,,140,Aframomum angustifolium,Aframomum angustifolium,Aframomum,angustifolium,NA,,,,,,,,,,,,,,,,,,,,140,Bridelia speciosa,Bridelia speciosa,Bridelia,speciosa,NA,,,,,,,,,,,,,,,,,,,,140,Ficus spp.,Ficus spp.,Ficus.,sp.,NA,changed spp. to sp.,,,,,,,,,,,,,,,,,,,140,Harungana madagascariensis,Harungana madagascariensis,Harungana,madagascariensis,NA,,,,,,,,,,,,,,,,,,,,140,Landophia sp,Landophia sp,Landophia,sp.,NA,changed sp to sp.,,,,,,,,,,,,,,,,,,,140,Leea guineensis,Leea guineensis,Leea,guineensis,NA,,,,,,,,,,,,,,,,,,,,140,Rytigynia umbellulata,Rytigynia umbellulata,Rytigynia,umbellulata,NA,,,,,,,,,,,,,,,,,,,,141,Antidesma venosum,Antidesma venosum,Antidesma,venosum,NA,,,,,,,,,,,,,,,,,,,,141,Bridelia micrantha,Bridelia micrantha,Bridelia,micrantha,NA,,,,,,,,,,,,,,,,,,,,141,Celtis africana,Celtis africana,Celtis,africana,NA,,,,,,,,,,,,,,,,,,,,141,Clerodendrum glabrum,Clerodendrum glabrum,Clerodendrum,glabrum,NA,,,,,,,,,,,,,,,,,,,,141,Croton sylvaticus,Croton sylvaticus,Croton,sylvaticus,NA,,,,,,,,,,,,,,,,,,,,141,Harpephyllum caffrum,Harpephyllum caffrum,Harpephyllum,caffrum,NA,,,,,,,,,,,,,,,,,,,,141,Phoenix reclinata,Phoenix reclinata,Phoenix,reclinata,NA,,,,,,,,,,,,,,,,,,,,141,Protorhus longifolia,Protorhus longifolia,Protorhus,longifolia,NA,,,,,,,,,,,,,,,,,,,,141,Rapanea melanophloeos,Rapanea melanophloeos,Rapanea,melanophloeos,NA,,,,,,,,,,,,,,,,,,,,141,Schinus terebinthifolius,Schinus terebinthifolius,Schinus,terebinthifolius,NA,,,,,,,,,,,,,,,,,,,,141,Serasia rehmanniana,Serasia rehmanniana,Serasia,rehmanniana,NA,,,,,,,,,,,,,,,,,,,,141,Searsia chirindensis,Searsia chirindensis,Searsia,chirindensis,NA,,,,,,,,,,,,,,,,,,,,141,Shirakiopsis elliptica,Shirakiopsis elliptica,Shirakiopsis,elliptica,NA,,,,,,,,,,,,,,,,,,,,141,Syzgium cordatum,Syzgium cordatum,Syzgium,cordatum,NA,,,,,,,,,,,,,,,,,,,,141,Syzygium paniculata,Syzygium paniculata,Syzygium,paniculata,NA,,,,,,,,,,,,,,,,,,,,141,Trema orientalis,Trema orientalis,Trema,orientalis,NA,,,,,,,,,,,,,,,,,,,,142,Morus nigraå L.,Morus nigraå L.,Morus,nigra,NA,"took off ""å L."" from genus and sp.",,,,,,,,,,,,,,,,,,,142,Psidium guajava L.,Psidium guajava L.,Psidium,guajava,NA,took off period from genus and L. from sp.,,,,,,,,,,,,,,,,,,,142,Piper amalago L.,Piper amalago L.,Piper,amalago,NA,took off period from genus and L. from sp.,,,,,,,,,,,,,,,,,,,142,Passiflora edulis Sims,Passiflora edulis Sims,Passiflora,edulis Sims,NA,,,,,,,,,,,,,,,,,,,,142,Cecropia pachystachya TrÌ©cul,Cecropia pachystachya TrÌ©cul,Cecropia,pachystachya trecul,NA,"took off ""Ì©cul"" from Cecropia and changed TrÌ©cul to trecul",,,,,,,,,,,,,,,,,,,143,Solanum mauritianum,Solanum mauritianum,Solanum,mauritianum,NA,,,,,,,,,,,,,,,,,,,,143,Cinnamomum camphora,Cinnamomum camphora,Cinnamomum,camphora,NA,,,,,,,,,,,,,,,,,,,,143,Psidium guajava,Psidium guajava,Psidium,guajava,NA,,,,,,,,,,,,,,,,,,,,143,Morus alba,Morus alba,Morus,alba,NA,,,,,,,,,,,,,,,,,,,,144,Lycium intricatum,Lycium intricatum,Lycium,intricatum,NA,,,,,,,,,,,,,,,,,,,,145,Solanum granuloso-leprosum,Solanum granuloso-leprosum,Solanum,granuloso leprosum,NA,changed Solanum-leprosum to solanum and took off hyphen from species name,,,,,,,,,,,,,,,,,,,146,Withania frutescens,Withania frutescens,Withania,frutescens,NA,,,,,,,,,,,,,,,,,,,,147,Daphneå rodriguezii,Daphneå rodriguezii,Daphne,rodriguezii,NA,took off å from genus; genus spp previously in both columns ->separated,,,,,,,,,,,,,,,,,,,148,blackberries,blackberries,rubus,ulmifolius,NA,changed blackberries to rubus ulmifolius,,,,,,,,,,,,,,,,,,,148,figs,figs,ficus,sp.,NA,changed fig to ficus sp.,,,,,,,,,,,,,,,,,,,148,olives,olives,olea,europaea,NA,changed olives to Olea europaea,,,,,,,,,,,,,,,,,,,148,pears,pears,pyrus,sp.,NA,changed pears to pyrus sp.,,,,,,,,,,,,,,,,,,,148,strawberry tree,strawberry tree,Arbutus,unedo,NA,changed strawbery tree to Arbutus unedo,,,,,,,,,,,,,,,,,,,148,vine grapes,vine grapes,vitis,sp.,NA,changed vine grapes to vitis sp. ,,,,,,,,,,,,,,,,,,,149,Withania frutescens,Withania frutescens,Withania,frutescens,NA,,,,,,,,,,,,,,,,,,,,150,hollyleaf cherry (Prunus ilicifolia),Prunus ilicifolia,Prunus,ilicifolia,hollyleaf cherry,,,,,,,,,,,,,,,,,,,,151,Mediterranean dwarf palm (Chamaerops humilis),Chamaerops humilis,Chamaerops,humilis,Mediterranean dwarf palm,,,,,,,,,,,,,,,,,,,,152,Ampelocera hottlei,Ampelocera hottlei,Ampelocera,hottlei,NA,,,,,,,,,,,,,,,,,,,,153,Diospyros egrettarum,Diospyros egrettarum,Diospyros,egrettarum,NA,,,,,,,,,,,,,,,,,,,,154,Myrsine umbellata,Myrsine umbellata,Myrsine,umbellata,NA,,,,,,,,,,,,,,,,,,,,154,Myrsine lancifolia,Myrsine lancifolia,Myrsine,lancifolia,NA,,,,,,,,,,,,,,,,,,,,155,Crataegus monogyna,Crataegus monogyna,Crataegus,monogyna,NA,,,,,,,,,,,,,,,,,,,,155,Ephedra fragilis,Ephedra fragilis,Ephedra,fragilis,NA,,,,,,,,,,,,,,,,,,,,155,Juniperus phoenicea,Juniperus phoenicea,Juniperus,phoenicea,NA,,,,,,,,,,,,,,,,,,,,155,Osyris alba,Osyris alba,Osyris,alba,NA,,,,,,,,,,,,,,,,,,,,155,Pistacia lentiscus,Pistacia lentiscus,Pistacia,lentiscus,NA,,,,,,,,,,,,,,,,,,,,155,Rhamnus alaternus,Rhamnus alaternus,Rhamnus,alaternus,NA,,,,,,,,,,,,,,,,,,,,155,Rhamnuså ludovici-salvatoris,Rhamnuså ludovici-salvatoris,Rhamnus,ludovici-salvatoris,NA,,,,,,,,,,,,,,,,,,,,155,Rubus ulmifolius,Rubus ulmifolius,Rubus,ulmifolius,NA,,,,,,,,,,,,,,,,,,,,155,Rubia peregrina,Rubia peregrina,Rubia,peregrina,NA,,,,,,,,,,,,,,,,,,,,155,Solanum luteum,Solanum luteum,Solanum,luteum,NA,,,,,,,,,,,,,,,,,,,,155,Solanum nigrum,Solanum nigrum,Solanum,nigrum,NA,,,,,,,,,,,,,,,,,,,,155,Smilax aspera,Smilax aspera,Smilax,aspera,NA,,,,,,,,,,,,,,,,,,,,156,Phillyrea angustifoli,Phillyrea angustifoli,Phillyrea,angustifoli,NA,,,,,,,,,,,,,,,,,,,,156,Myrtus communis,Myrtus communis,Myrtus,communis,NA,,,,,,,,,,,,,,,,,,,,157,Opuntia,Opuntia,Opuntia,dilenii,dillenii,several from genus in paper,ECF,,,,,,,,,,,,,,,,,,157,Opuntia,Opuntia,Opuntia,maxima,maxima,several from genus in paper,ECF,,,,,,,,,,,,,,,,,,157,Opuntia,Opuntia,Opuntia,stricta,stricta,several from genus in paper,ECF,,,,,,,,,,,,,,,,,,158,Lycopersicon esculentum,Lycopersicon esculentum,Lycopersicon,esculentum,NA,,,,,,,,,,,,,,,,,,,,159,Azara dentata,Azara dentata,Azara,dentata,NA,,,,,,,,,,,,,,,,,,,,159,Schinus polygamus,Schinus polygamus,Schinus,polygamus,NA,,,,,,,,,,,,,,,,,,,,159,Schinus molle,Schinus molle,Schinus,molle,NA,,,,,,,,,,,,,,,,,,,,159,Cestrum parqui,Cestrum parqui,Cestrum,parqui,NA,,,,,,,,,,,,,,,,,,,,159,Maytenus boaria,Maytenus boaria,Maytenus,boaria,NA,,,,,,,,,,,,,,,,,,,,160,Crataegus monogyna,Crataegus monogyna,Crataegus,monogyna,NA,,,,,,,,,,,,,,,,,,,,160,Myrtus communis,Myrtus communis,Myrtus,communis,NA,,,,,,,,,,,,,,,,,,,,160,Pistacia lentiscus,Pistacia lentiscus,Pistacia,lentiscus,NA,,,,,,,,,,,,,,,,,,,,161,Melia azedarach,Melia azedarach,Melia,azedarach,NA,,,,,,,,,,,,,,,,,,,,162,Psidium galapageium,Psidium galapageium,Psidium,galapageium,NA,,,,,,,,,,,,,,,,,,,,162,Opuntia echios,Opuntia echios,Opuntia,echios,NA,,,,,,,,,,,,,,,,,,,,162,Hippomane mancinella,Hippomane mancinella,Hippomane,mancinella,NA,,,,,,,,,,,,,,,,,,,,162,Psidium guajava,Psidium guajava,Psidium,guajava,NA,,,,,,,,,,,,,,,,,,,,162,Passiflora edulis,Passiflora edulis,Passiflora,edulis,NA,,,,,,,,,,,,,,,,,,,,163,European black nightshade (Solanum nigrum),Solanum nigrum,Solanum,nigrum,European black nightshade,,,,,,,,,,,,,,,,,,,,164,Ficus sur,Ficus sur,Ficus,sur,NA,,,,,,,,,,,,,,,,,,,,165,Gray dogwood,Gray dogwood,Cornus,racemosa,NA,scientific name added,ECF,,,,,,,,,,,,,,,,,,165,Redosier dogwood,Redosier dogwood,Cornus,sericea,NA,scientific name added,ECF,,,,,,,,,,,,,,,,,,165,tatarian honeysuckle,tatarian honeysuckle,Lonicera,tatarica,NA,scientific name added,ECF,,,,,,,,,,,,,,,,,,165,white mulberry,white mulberry,Morus,alba,NA,scientific name added,ECF,,,,,,,,,,,,,,,,,,165,black cherry,black cherry,Prunus,serotina,NA,scientific name added,ECF,,,,,,,,,,,,,,,,,,165,choke cherry,choke cherry,Prunus,virginiana,NA,scientific name added,ECF,,,,,,,,,,,,,,,,,,165,smooth sumac,smooth sumac,Rhus,glabra,NA,scientific name added,ECF,,,,,,,,,,,,,,,,,,165,missouri gooseberry,missouri gooseberry,Ribes,missouriense,NA,scientific name added,ECF,,,,,,,,,,,,,,,,,,165,wild rose,wild rose,Rosa,sp.,NA,potentially multiple species - not identified,ECF,,,,,,,,,,,,,,,,,,165,blackberry,blackberry,Rubus,sp.,NA,doesn's say what species - 9 native to minnesota,ECF,,,,,,,,,,,,,,,,,,165,blackcap raspberry,blackcap raspberry,Rubus,occidentalis,NA,scientific name added,ECF,,,,,,,,,,,,,,,,,,165,american elder,american elder,Sambucus,canadensis,NA,scientific name added,ECF,,,,,,,,,,,,,,,,,,165,poison ivy,poison ivy,Toxicodendron,radicans,NA,scientific name added,ECF,,,,,,,,,,,,,,,,,,165,poison sumac,poison sumac,Toxicodendron,vernix,NA,scientific name added,ECF,,,,,,,,,,,,,,,,,,165,riverbank grape,riverbank grape,Vitis,riparia,NA,scientific name added,ECF,,,,,,,,,,,,,,,,,,165,wild sapsaparilla,wild sapsaparilla,Aralia,nudicaulis,NA,scientific name added,ECF,,,,,,,,,,,,,,,,,,165,red raspberry,red raspberry,Rubus,idaeus,NA,scientific name added,ECF,,,,,,,,,,,,,,,,,,165,blueberry,blueberry,Vaccinium,sp.,NA,There are at least 2 spp in Minnesota,ECF,,,,,,,,,,,,,,,,,,166,eastern red cedar (Juniperus virginiana),Juniperus virginiana,Juniperus,virginiana,eastern red cedar,,,,,,,,,,,,,,,,,,,,167,Oenocarpus bataua,Oenocarpus bataua,Oenocarpus,bataua,NA,,,,,,,,,,,,,,,,,,,,167,Vir oladixonii,Vir oladixonii,Vir,oladixonii,NA,,,,,,,,,,,,,,,,,,,,167,Ficus crassiuscula,Ficus crassiuscula,Ficus,crassiuscula,NA,,,,,,,,,,,,,,,,,,,,168,buffaloberry,buffaloberry,Shepherdia,canadensis,NA,scientific name added,ECF,,,,,,,,,,,,,,,,,,168,serviceberry,serviceberry,Amelanchier,alnifolia,NA,scientific name added,ECF,,,,,,,,,,,,,,,,,,168,huckleberry,huckleberry,Vaccinium,sp.,NA,not sure what species,ECF,,,,,,,,,,,,,,,,,,169,Psittacanthus schiedeanus,Psittacanthus schiedeanus,Psittacanthus,schiedeanus,NA,,,,,,,,,,,,,,,,,,,,170,Cryptocarya sp.,Cryptocarya sp.,Cryptocarya,sp.,NA,Removed period from genus,,,,,,,,,,,,,,,,,,,170,Eugenia cloiselii,Eugenia cloiselii,Eugenia,cloiselii,NA,,,,,,,,,,,,,,,,,,,,170,Gaertnera sp.,Gaertnera sp.,Gaertnera,sp.,NA,Removed period from genus,,,,,,,,,,,,,,,,,,,170,Garcinia verrucosa,Garcinia verrucosa,Garcinia,verrucosa,NA,,,,,,,,,,,,,,,,,,,,170,Machpersonia madagascaraiensis,Machpersonia madagascaraiensis,Machpersonia,madagascaraiensis,NA,,,,,,,,,,,,,,,,,,,,170,Noronhia grandifolia,Noronhia grandifolia,Noronhia,grandifolia,NA,,,,,,,,,,,,,,,,,,,,170,Potameia sp.,Potameia sp.,Potameia,sp.,NA,Removed period from genus,,,,,,,,,,,,,,,,,,,170,Sideroxylon sp.,Sideroxylon sp.,Sideroxylon,sp.,NA,Removed period from genus,,,,,,,,,,,,,,,,,,,170,Uapaca silvestris,Uapaca silvestris,Uapaca,silvestris,NA,,,,,,,,,,,,,,,,,,,,171,Mediterranean hackberry (Celtis australis),Celtis australis,Celtis,australis,Mediterranean hackberry,,,,,,,,,,,,,,,,,,,,172,Strychnos madagascariensis,Strychnos madagascariensis,Strychnos,madagascariensis,NA,,,,,,,,,,,,,,,,,,,,172,Vitex beraviensis,Vitex beraviensis,Vitex,beraviensis,NA,,,,,,,,,,,,,,,,,,,,172,Cinnamosma fragrans,Cinnamosma fragrans,Cinnamosma,fragrans,NA,,,,,,,,,,,,,,,,,,,,172,Menispermacea casmenthera,Menispermacea casmenthera,Menispermacea,casmenthera,NA,,,,,,,,,,,,,,,,,,,,172,Poupartia silvatica,Poupartia silvatica,Poupartia,silvatica,NA,,,,,,,,,,,,,,,,,,,,172,Protorhus deÂâexa,Protorhus deÂâexa,Protorhus,deixa,NA,Characters removed,ECF,,,,,,,,,,,,,,,,,,172,Vangueria madagascariensis,Vangueria madagascariensis,Vangueria,madagascariensis,NA,,,,,,,,,,,,,,,,,,,,172,Berchemia discolor,Berchemia discolor,Berchemia,discolor,NA,,,,,,,,,,,,,,,,,,,,172,Evonymopsis sp.1,Evonymopsis sp.1,Evonymopsis,sp.,NA,Removed numbers and periods from sci name,,,,,,,,,,,,,,,,,,,172,Mapouria boinensis,Mapouria boinensis,Mapouria,boinensis,NA,,,,,,,,,,,,,,,,,,,,172,Olax madagascariensis,Olax madagascariensis,Olax,madagascariensis,NA,,,,,,,,,,,,,,,,,,,,172,Vitex pervillei,Vitex pervillei,Vitex,pervillei,NA,,,,,,,,,,,,,,,,,,,,173,Arisaema triphyllum,Arisaema triphyllum,Arisaema,triphyllum,NA,,,,,,,,,,,,,,,,,,,,173,podophyllum peltatum,podophyllum peltatum,Podophyllum,peltatum,NA,,,,,,,,,,,,,,,,,,,,173,Sambucus candensis,Sambucus candensis,Sambucus,candensis,NA,,,,,,,,,,,,,,,,,,,,173,Viburnum acerifolium,Viburnum acerifolium,Viburnum,acerifolium,NA,,,,,,,,,,,,,,,,,,,,173,Faylussacia baccata,Faylussacia baccata,Faylussacia,baccata,NA,,,,,,,,,,,,,,,,,,,,173,Vaccinium vacillans,Vaccinium vacillans,Vaccinium,vacillans,NA,,,,,,,,,,,,,,,,,,,,173,Morus alba,Morus alba,Morus,alba,NA,,,,,,,,,,,,,,,,,,,,173,Passiflora incarnata,Passiflora incarnata,Passiflora,incarnata,NA,,,,,,,,,,,,,,,,,,,,173,Phytolaccca americana,Phytolaccca americana,Phytolaccca,americana,NA,,,,,,,,,,,,,,,,,,,,173,Duchesnea indica,Duchesnea indica,Duchesnea,indica,NA,,,,,,,,,,,,,,,,,,,,173,Fragaria virginiana,Fragaria virginiana,Fragaria,virginiana,NA,,,,,,,,,,,,,,,,,,,,173,Prunus serotina,Prunus serotina,Prunus,serotina,NA,,CARAY,,,,,,,,,,,,,,,,,,173,Rosa multiflora,Rosa multiflora,Rosa,multiflora,NA,,CARAY,,,,,,,,,,,,,,,,,,173,Rubus phoenicolasius,Rubus phoenicolasius,Rubus,phoenicolasius,NA,,CARAY,,,,,,,,,,,,,,,,,,173,Rubus spp. (Blackberry),Blackberry,Rubus,spp.,NA,,ECF,,,,,,,,,,,,,,,,,,173,Vitis aestivalis,Vitis aestivalis,Vitis,aestivalis,NA,,CARAY,,,,,,,,,,,,,,,,,,173,Vitis rotundifolia,Vitis rotundifolia,Vitis,rotundifolia,NA,,CARAY,,,,,,,,,,,,,,,,,,173,Vitis vulpina,Vitis vulpina,Vitis,vulpina,NA,,CARAY,,,,,,,,,,,,,,,,,,174,Rubus spectabilis,Rubus spectabilis,Rubus,spectabilis,NA,,CARAY,,,,,,,,,,,,,,,,,,174,Sambucus racemosa,Sambucus racemosa,Sambucus,racemosa,NA,,CARAY,,,,,,,,,,,,,,,,,,174,Ribes bracteosum,Ribes bracteosum,Ribes,bracteosum,NA,,CARAY,,,,,,,,,,,,,,,,,,174,Streptopus amplexifolius,Streptopus amplexifolius,Streptopus,amplexifolius,NA,,CARAY,,,,,,,,,,,,,,,,,,174,Oplopanax horridus,Oplopanax horridus,Oplopanax,horridus,NA,,CARAY,,,,,,,,,,,,,,,,,,174,Vaccinium spp.,Vaccinium spp.,Vaccinium,sp.,NA,Removed period from genus. Spp. changed to sp.,CARAY,,,,,,,,,,,,,,,,,,175,Rubus spectabilis,Rubus spectabilis,Rubus,spectabilis,NA,,CARAY,,,,,,,,,,,,,,,,,,175,Rubus discolor,Rubus discolor,Rubus,discolor,NA,Discolor not an active name,,,,,,,,,,,,,,,,,,,175,Vaccinium ovatum,Vaccinium ovatum,Vaccinium,ovatum,NA,,CARAY,,,,,,,,,,,,,,,,,,175,Vaccinium parvifolium,Vaccinium parvifolium,Vaccinium,parvifolium,NA,,CARAY,,,,,,,,,,,,,,,,,,175,Gaultheria shallon,Gaultheria shallon,Gaultheria,shallon,NA,,CARAY,,,,,,,,,,,,,,,,,,175,Disporum smithii,Disporum smithii,Disporum,smithii,NA,,CARAY,,,,,,,,,,,,,,,,,,176,Lomatophyllum tormentoriiå Marais,Lomatophyllum tormentoriiå Marais,Aloe,tormentorii,NA,New genus,ECF,,,,,,,,,,,,,,,,,,176,Myoporum mauritianum,Myoporum mauritianum,Myoporum,mauritianum,NA,,,,,,,,,,,,,,,,,,,,176,Dracaena concinna,Dracaena concinna,Dracaena,concinna,NA,,,,,,,,,,,,,,,,,,,,176,Hilsenbergia petiolaris,Hilsenbergia petiolaris,Hilsenbergia,petiolaris,NA,,,,,,,,,,,,,,,,,,,,176,Premna serratifoliaå L.,Premna serratifoliaå L.,Premna,serratifolia,NA,,,,,,,,,,,,,,,,,,,,176,Scaevola taccada,Scaevola taccada,Scaevola,taccada,NA,,,,,,,,,,,,,,,,,,,,176,Passiflora suberosa,Passiflora suberosa,Passiflora,suberosa,NA,,,,,,,,,,,,,,,,,,,,176,Solanum nigrum,Solanum nigrum,Solanum,nigrum,NA,,,,,,,,,,,,,,,,,,,,177,Alpinia malaccensis,Alpinia malaccensis,Alpinia,malaccensis,NA,,,,,,,,,,,,,,,,,,,,177,Anthocephalus chinensis,Anthocephalus chinensis,Anthocephalus,chinensis,NA,,,,,,,,,,,,,,,,,,,,177,Baccaurea ramiflora,Baccaurea ramiflora,Baccaurea,ramiflora,NA,,,,,,,,,,,,,,,,,,,,177,Diplectia barbata,Diplectia barbata,Diplectia,barbata,NA,,,,,,,,,,,,,,,,,,,,177,Eurya nitida,Eurya nitida,Eurya,nitida,NA,,,,,,,,,,,,,,,,,,,,177,Ficus ischnopoda,Ficus ischnopoda,Ficus,ischnopoda,NA,,,,,,,,,,,,,,,,,,,,177,Ficus microcarpa,Ficus microcarpa,Ficus,microcarpa,NA,,,,,,,,,,,,,,,,,,,,177,Ficus sagittata,Ficus sagittata,Ficus,sagittata,NA,,,,,,,,,,,,,,,,,,,,177,Ficus virens,Ficus virens,Ficus,virens,NA,,,,,,,,,,,,,,,,,,,,177,Melastoma malabathricum,Melastoma malabathricum,Melastoma,malabathricum,NA,,,,,,,,,,,,,,,,,,,,177,Nauclea orientalis,Nauclea orientalis,Nauclea,orientalis,NA,,,,,,,,,,,,,,,,,,,,177,Toddalia asiatica,Toddalia asiatica,Toddalia,asiatica,NA,,,,,,,,,,,,,,,,,,,,177,,,,,NA,,,,,,,,,,,,,,,,,,,,178,Dialium spp.,Dialium spp.,Dialium,sp.,NA,"removed period, spp. to sp.",ECF,,,,,,,,,,,,,,,,,,179,spicebush,spicebush,Lindera,benzoin,spicebush,added species,ECF,,,,,,,,,,,,,,,,,,179,chokecherry,chokecherry,Prunus,virginiana,chokecherry,added species,ECF,,,,,,,,,,,,,,,,,,179,arrowwood,arrowwood,Viburnum,dentatum,NA,,,,,,,,,,,,,,,,,,,,180,Rubus spectabilis,Rubus spectabilis,Rubus,spectabilis,NA,,,,,,,,,,,,,,,,,,,,181,Vaccinium alaskaense,Vaccinium alaskaense,Vaccinium,alaskaense,NA,,,,,,,,,,,,,,,,,,,,181,Vaccinium ovalifolium,Vaccinium ovalifolium,Vaccinium,ovalifolium,NA,,,,,,,,,,,,,,,,,,,,181,Rubus spectabilis,Rubus spectabilis,Rubus,spectabilis,NA,,,,,,,,,,,,,,,,,,,,182,Belah (Casuarina pauper),Casuarina pauper,Casuarina,pauper,Belah,,,,,,,,,,,,,,,,,,,,182,Ruby Saltbush (Enchylaena tomentosa),Enchylaena tomentosa,Enchylaena,tomentosa,Ruby Saltbush,,,,,,,,,,,,,,,,,,,,182,Common Emu-bush (Eremophila glabra),Eremophila glabra,Eremophila,glabra,Common Emu-bush,,,,,,,,,,,,,,,,,,,,182,Nitre-bush (Nitraria billardierei),Nitraria billardierei,Nitraria,billardierei,Nitre-bush,,,,,,,,,,,,,,,,,,,,183,Spanish juniper (Juniperus thurifera),Juniperus thurifera,Juniperus,thurifera,Spanish juniper,,,,,,,,,,,,,,,,,,,,184,Elaeagnus umbellata,Elaeagnus umbellata,Elaeagnus,umbellata,NA,,,,,,,,,,,,,,,,,,,,184,Celastrus orbiculatus,Celastrus orbiculatus,Celastrus,orbiculatus,NA,,,,,,,,,,,,,,,,,,,,184,Rosa multiflora,Rosa multiflora,Rosa,multiflora,NA,,,,,,,,,,,,,,,,,,,,185,Cipocereus minensis,Cipocereus minensis,Cipocereus,minensis,NA,,,,,,,,,,,,,,,,,,,,185,Clidemia urceolata,Clidemia urceolata,Clidemia,urceolata,NA,,,,,,,,,,,,,,,,,,,,185,Miconia holosericea,Miconia holosericea,Miconia,holosericea,NA,,,,,,,,,,,,,,,,,,,,185,Myrcia sp.,Myrcia sp.,Myrcia,sp.,NA,,,,,,,,,,,,,,,,,,,,185,Psidium sp.,Psidium sp.,Psidium,sp.,NA,,,,,,,,,,,,,,,,,,,,185,Cordiera sessilis,Cordiera sessilis,Cordiera,sessilis,NA,,,,,,,,,,,,,,,,,,,,185,Psychotria capitata,Psychotria capitata,Psychotria,capitata,NA,,,,,,,,,,,,,,,,,,,,185,Phoradendron crassifolium,Phoradendron crassifolium,Phoradendron,crassifolium,NA,,,,,,,,,,,,,,,,,,,,186,Psidium cattleianum,Psidium cattleianum,Psidium,cattleianum,NA,,,,,,,,,,,,,,,,,,,,186,Clidemia hirta,Clidemia hirta,Clidemia,hirta,NA,,,,,,,,,,,,,,,,,,,,186,Schinus terebinthifoius,Schinus terebinthifoius,Schinus,terebinthifoius,NA,,,,,,,,,,,,,,,,,,,,186,Hedychium gardnerianum,Hedychium gardnerianum,Hedychium,gardnerianum,NA,,,,,,,,,,,,,,,,,,,,186,Miconia calvescens,Miconia calvescens,Miconia,calvescens,NA,,,,,,,,,,,,,,,,,,,,186,Leucaena leucocephala,Leucaena leucocephala,Leucaena,leucocephala,NA,,,,,,,,,,,,,,,,,,,,186,Schefflera actinophylla,Schefflera actinophylla,Schefflera,actinophylla,NA,,,,,,,,,,,,,,,,,,,,186,Ardisia elliptica,Ardisia elliptica,Ardisia,elliptica,NA,,,,,,,,,,,,,,,,,,,,186,Morella faya,Morella faya,Morella,faya,NA,,,,,,,,,,,,,,,,,,,,186,Lantana camara,Lantana camara,Lantana,camara,NA,,,,,,,,,,,,,,,,,,,,186,Spathodea campanulatat,Spathodea campanulatat,Spathodea,campanulatat,NA,,,,,,,,,,,,,,,,,,,,186,Urochloa maxima,Urochloa maxima,Urochloa,maxima,NA,,,,,,,,,,,,,,,,,,,,186,Prosopis pallida,Prosopis pallida,Prosopis,pallida,NA,,,,,,,,,,,,,,,,,,,,186,Rubus rosifolius,Rubus rosifolius,Rubus,rosifolius,NA,,,,,,,,,,,,,,,,,,,,186,Citharexylum caudatum,Citharexylum caudatum,Citharexylum,caudatum,NA,,,,,,,,,,,,,,,,,,,,186,Ficus microcarpa,Ficus microcarpa,Ficus,microcarpa,NA,,,,,,,,,,,,,,,,,,,,186,Passiflora suberosa,Passiflora suberosa,Passiflora,suberosa,NA,,,,,,,,,,,,,,,,,,,,186,Buddleia asiatica,Buddleia asiatica,Buddleia,asiatica,NA,,,,,,,,,,,,,,,,,,,,186,Syzygium cumini,Syzygium cumini,Syzygium,cumini,NA,,,,,,,,,,,,,,,,,,,,186,Aleurites moluccana,Aleurites moluccana,Aleurites,moluccana,NA,,,,,,,,,,,,,,,,,,,,186,Coffea arabica,Coffea arabica,Coffea,arabica,NA,,,,,,,,,,,,,,,,,,,,186,Cinnamomum burmanii,Cinnamomum burmanii,Cinnamomum,burmanii,NA,,,,,,,,,,,,,,,,,,,,186,BIschofia javanica,BIschofia javanica,BIschofia,javanica,NA,,,,,,,,,,,,,,,,,,,,186,Casuarina equisetifolia,Casuarina equisetifolia,Casuarina,equisetifolia,NA,,,,,,,,,,,,,,,,,,,,186,Setaria palmifolia,Setaria palmifolia,Setaria,palmifolia,NA,,,,,,,,,,,,,,,,,,,,187,American Persimmon (Diospyros virginiana),Diospyros virginiana,Diospyros,virginiana,American Persimmon,,,,,,,,,,,,,,,,,,,,188,Psidium guajava,Psidium guajava,Psidium,guajava,NA,,,,,,,,,,,,,,,,,,,,188,Eugenia dysenterica,Eugenia dysenterica,Eugenia,dysenterica,NA,,,,,,,,,,,,,,,,,,,,188,Hancornia speciosa,Hancornia speciosa,Hancornia,speciosa,NA,,,,,,,,,,,,,,,,,,,,188,Annona crassiflora,Annona crassiflora,Annona,crassiflora,NA,,,,,,,,,,,,,,,,,,,,188,Caryocar brasiliense,Caryocar brasiliense,Caryocar,brasiliense,NA,,,,,,,,,,,,,,,,,,,,188,Hymenaea stignocarpa,Hymenaea stignocarpa,Hymenaea,stignocarpa,NA,,,,,,,,,,,,,,,,,,,,188,Passiflora edulis,Passiflora edulis,Passiflora,edulis,NA,,,,,,,,,,,,,,,,,,,,188,Solanum lycocarpum,Solanum lycocarpum,Solanum,lycocarpum,NA,,,,,,,,,,,,,,,,,,,,188,Solanum palinacanthum,Solanum palinacanthum,Solanum,palinacanthum,NA,,,,,,,,,,,,,,,,,,,,188,Spondias tuberosa,Spondias tuberosa,Spondias,tuberosa,NA,,,,,,,,,,,,,,,,,,,,188,Spondias purpurea,Spondias purpurea,Spondias,purpurea,NA,,,,,,,,,,,,,,,,,,,,188,Talisia esculenta,Talisia esculenta,Talisia,esculenta,NA,,,,,,,,,,,,,,,,,,,,189,morula (Sclerocarya birrea),Sclerocarya birrea,Sclerocarya,birrea,morula,,,,,,,,,,,,,,,,,,,,190,Sclerocarya caffra,Sclerocarya caffra,Sclerocarya,caffra,NA,,,,,,,,,,,,,,,,,,,,191,marula (Sclerocarya birrea),Sclerocarya birrea,Sclerocarya,birrea,marula,,,,,,,,,,,,,,,,,,,,192,Ceratonia siliqua,Ceratonia siliqua,Ceratonia,siliqua,NA,,,,,,,,,,,,,,,,,,,,192,Eriobotrya japonica,Eriobotrya japonica,Eriobotrya,japonica,NA,,,,,,,,,,,,,,,,,,,,192,Ficus carica,Ficus carica,Ficus,carica,NA,,,,,,,,,,,,,,,,,,,,192,Morus nigra,Morus nigra,Morus,nigra,NA,,,,,,,,,,,,,,,,,,,,192,Arbutus andrachne,Arbutus andrachne,Arbutus,andrachne,NA,,,,,,,,,,,,,,,,,,,,192,Ziziphus spina-christi,Ziziphus spina-christi,Ziziphus-christi,spina-christi,NA,,,,,,,,,,,,,,,,,,,,193,Rubus ulmifolius,Rubus ulmifolius,Rubus,ulmifolius,NA,,,,,,,,,,,,,,,,,,,,193,Rubia peregrina,Rubia peregrina,Rubia,peregrina,NA,,,,,,,,,,,,,,,,,,,,193,Asparagus acutifolius,Asparagus acutifolius,Asparagus,acutifolius,NA,,,,,,,,,,,,,,,,,,,,193,Osyris alba,Osyris alba,Osyris,alba,NA,,,,,,,,,,,,,,,,,,,,193,Phillyreaå spp,Phillyreaå spp,Phillyrea,sp.,NA,"removed odd character, made sp.",,,,,,,,,,,,,,,,,,,194,Phytolaccaå americana,Phytolaccaå americana,Phytolacca,americana,NA,,,,,,,,,,,,,,,,,,,,195,Tamarindus indica,Tamarindus indica,Tamarindus,indica,NA,,,,,,,,,,,,,,,,,,,,196,Solanum mauritianum,Solanum mauritianum,Solanum,mauritianum,NA,,,,,,,,,,,,,,,,,,,,196,Cinnamomum camphora,Cinnamomum camphora,Cinnamomum,camphora,NA,,,,,,,,,,,,,,,,,,,,196,Lantana camara,Lantana camara,Lantana,camara,NA,,,,,,,,,,,,,,,,,,,,196,Psidium guajava,Psidium guajava,Psidium,guajava,NA,,,,,,,,,,,,,,,,,,,,197,Pond-apple Tree (Annona glabra),Annona glabra,Annona,glabra,Pond-apple Tree,,,,,,,,,,,,,,,,,,,,198,Vaccinium cylindraceum,Vaccinium cylindraceum,Vaccinium,cylindraceum,NA,,,,,,,,,,,,,,,,,,,,199,Agrostemma githago,Agrostemma githago,Agrostemma,githago,NA,,,,,,,,,,,,,,,,,,,,199,Brassica napus,Brassica napus,Brassica,napus,NA,,,,,,,,,,,,,,,,,,,,199,Camelina sativa,Camelina sativa,Camelina,sativa,NA,,,,,,,,,,,,,,,,,,,,199,Melilotus albus,Melilotus albus,Melilotus,albus,NA,,,,,,,,,,,,,,,,,,,,199,Valerianella locusta,Valerianella locusta,Valerianella,locusta,NA,,,,,,,,,,,,,,,,,,,,200,mayapple (Podophyllum peltatum),Podophyllum peltatum,Podophyllum,peltatum,mayapple,,,,,,,,,,,,,,,,,,,,201,Antrocaryon klaineanum,Antrocaryon klaineanum,Antrocaryon,klaineanum,NA,,,,,,,,,,,,,,,,,,,,201,Pseudospondias longifolia,Pseudospondias longifolia,Pseudospondias,longifolia,NA,,,,,,,,,,,,,,,,,,,,201,Pseudospondias microcarpa,Pseudospondias microcarpa,Pseudospondias,microcarpa,NA,,,,,,,,,,,,,,,,,,,,201,Trichoscypha acuminata,Trichoscypha acuminata,Trichoscypha,acuminata,NA,,,,,,,,,,,,,,,,,,,,201,Myrianthus arboreus,Myrianthus arboreus,Myrianthus,arboreus,NA,,,,,,,,,,,,,,,,,,,,202,giant cactuså (Isolatocereus dumortieri),Isolatocereus dumortieri,Isolatocereus,dumortieri,giant cactus,,,,,,,,,,,,,,,,,,,,203,Mimusops coriacea,Mimusops coriacea,Mimusops,coriacea,NA,,,,,,,,,,,,,,,,,,,,203,Lantana camara,Lantana camara,Lantana,camara,NA,,,,,,,,,,,,,,,,,,,,203,Veitchia merrillii,Veitchia merrillii,Veitchia,merrillii,NA,,,,,,,,,,,,,,,,,,,,203,Wikstroemia indica,Wikstroemia indica,Wikstroemia,indica,NA,,,,,,,,,,,,,,,,,,,,,,,,,,,,,,,,,,,,,,,,,,,,,,,,,,,,,,,,,,,,,,,,,,,,,,,,,,,,,,,,,,,,,,,,,,,,,,,,,,,,,,,,,,,,,,,,,,,,,,,,,,,,,,,,,,,,,,,,,,,,,,,,,,,,,,,,,,,,,,,,,,,,,,,,,,,,,,,,,,,,,,,,,,,,,,,,,,,,,,,,,,,,,,,,,,,,,,,,,,,,,,,,,,,,,,,,,,,,,,,,,,,,,,,,,,,,,,,,,,,,,,,,,,,,,,,,,,,,,,,,,,,,,,,,,,,,,,,,,,,,,,,,,,,,,,,,,,,,,,,,,,,,,,,,,,,,,,,,,,,,,,,,,,,,,,,,,,,,,,,,,,,,,,,,,,,,,,,,,,,,,,,,,,,,,,,,,,,,,,,,,,,,,,,,,,,,,,,,,,,,,,,,,,,,,,,,,,,,,,,,,,,,,,,,,,,,,,,,,,,,,,,,,,,,,,,,,,,,,,,,,,,,,,,,,,,,,,,,,,,,,,,,,,,,,,,,,,,,,,,,,,,,,,,,,,,,,,,,,,,,,,,,,,,,,,,,,,,,,,,,,,,,,,,,,,,,,,,,,,,,,,,,,,,,,,,,,,,,,,,,,,,,,,,,,,,,,,,,,,,,,,,,,,,,,,,,,,,,,,,,,,,,,,,,,,,,,,,,,,,,,,,,,,,,,,,,,,,,,,,,,,,,,,,,,,,,,,,,,,,,,,,,,,,,,,,,,,,,,,,,,,,,,,,,,,,,,,,,,,,,,,,,,,,,,,,,,,,,,,,,,,,,,,,,,,,,,,,,,,,,,,,,,,,,,,,,,,,,,,,,,,,,,,,,,,,,,,,,,,,,,,,,,,,,,,,,,,,,,,,,,,,,,,,,,,,,,,,,,,,,,,,,,,,,,,,,,,,,,,,,,,,,,,,,,,,,,,,,,,,,,,,,,,,,,,,,,,,,,,,,,,,,,,,,,,,,,,,,,,,,,,,,,,,,,,,,,,,,,,,,,,,,,,,,,,,,,,,,,,,,,,,,,,,,,,,,,,,,,,,,,,,,,,,,,,,,,,,,,,,,,,,,,,,,,,,,,,,,,,,,,,,,,,,,,,,,,,,,,,,,,,,,,,,,,,,,,,,,,,,,,,,,,,,,,,,,,,,,,,,,,,,,,,,,,,,,,,,,,,,,,,,,,,,,,,,,,,,,,,,,,,,,,,,,,,,,,,,,,,,,,,,,,,,,,,,,,,,,,,,,,,,,,,,,,,,,,,,,,,,,,,,,,,,,,,,,,,,,,,,,,,,,,,,,,,,,,,,,,,,,,,,,,,,,,,,,,,,,,,,,,,,,,,,,,,,,,,,,,,,,,,,,,,,,,,,,,,,,,,,,,,,,,,,,,,,,,,,,,,,,,,,,,,,,,,,,,,,,,,,,,,,,,